0.76842105,68,0.0,12.079476
0.59883721,55.9,0.0,10.513618
1.13157895,52,0.0,8.052984
0.22903226,79.3,0.231496,28.632832
0.64090909,32,0.0,23.040482
0.63888889,46.9,0.0,46.528352
0.94906743,36,0.0,23.040482
0.58571429,35.1,0.0,31.093466
0.55238096,73,0.0,33.5541
1.00400641,80.1,0.0,7.605596
0.54982579,46,0.0,25.501116
0.59411765,82.9,0.0,15.434886
0.33566433,32.7,0.0,18.119214
0.72222222,72,0.0,33.5541
0.23248054,35.2,0.0,21.922012
0.98015873,66,0.0,18.119214
0.75757575,57.9,0.0,44.067718
0.81071429,70,0.0,15.434886
0.84169884,71.6,0.0,4.026492
0.57603687,55.9,0.0,10.513618
0.13571429,49.8,0.0,10.513618
0.80098684,64,0.0,36.014734
0.90417457,60.1,0.047244,20.579848
0.75555556,52,0.023622,20.579848
1.19523809,70.2,0.0,31.093466
0.51269451,46.2,0.0,2.013246
0.73852813,71.1,0.0,12.974252
0.98188153,63,0.0,31.093466
0.84320558,52,0.0,18.119214
0.84738676,64,0.0,25.501116
0.7249104,64,0.0,18.119214
0.36059114,57,0.0,33.5541
0.77027027,75.2,0.0,7.605596
1.13928571,73.9,0.0,31.093466
0.4398827,57,0.0,38.475368
0.7,68,0.0,38.475368
0.50347222,46.6,0.0,36.014734
0.37536657,77,0.0,36.014734
0.46296297,63,0.0,18.119214
0.55337691,65.3,0.0,18.119214
0.43792766,62.1,0.0,10.513618
0.97575758,70,0.0,18.119214
0.88838612,72,0.0,10.513618
0.62828947,66.9,0.0,12.974252
0.57232143,56.8,0.0,25.948504
0.58333333,79,0.0,33.5541
1.10230352,55,0.0,27.96175
0.41666667,55,0.0,10.513618
0.59939148,69.1,0.0,48.988986
0.78777589,66.9,0.0,31.093466
0.52786377,54,0.0,33.5541
0.74324324,55.9,0.0,18.119214
0.77259684,66,0.0,23.040482
0.42211982,72.1,0.0,28.632832
0.36160714,55.9,0.0,12.974252
0.94212963,67.3,0.0,19.908766
0.60278746,63,0.0,15.434886
0.82695374,75,0.0,23.040482
0.41607143,75.2,0.0,20.579848
0.5972973,59,0.0,7.605596
0.58617424,69.1,0.0,15.434886
0.74686882,72,0.0,33.5541
0.45588235,55.9,0.0,36.014734
0.6,72.9,0.0,31.093466
0.79638009,77.5,0.0,2.460634
0.80319149,39.2,0.210236,33.5541
1.15742397,73.9,0.0,23.040482
0.30580645,72,0.0,16.105968
0.72344437,77,0.0,25.501116
0.70189099,64.9,0.0,15.434886
1.06839827,80.6,0.0,38.475368
0.9984917,69.1,0.0,12.974252
0.72348485,50,0.0,10.06623
0.4515873,66,0.0,15.434886
0.91969112,50.9,0.0,6.039738
0.56575683,55.9,0.0,38.475368
0.947479,77.5,0.0,7.605596
0.66385135,46.9,0.0,25.501116
0.77514231,57,0.0,25.501116
0.37100737,68,0.023622,8.052984
0.33636364,77.5,0.0,7.605596
1.22750424,78.1,0.0,28.632832
0.68217054,66.9,0.0,10.513618
0.64772727,77,0.0,18.119214
1.06539075,70,0.0,2.013246
0.37322515,73.9,0.0,18.119214
0.7328629,77,0.0,31.093466
0.90988836,60.8,0.0,40.936002
0.50980392,64.8,0.0,18.119214
0.62931034,53.1,0.023622,12.974252
0.61458333,75.9,0.0,40.936002
0.96943973,54.7,0.047244,29.974996
1.24941724,57.9,0.0,28.632832
0.87076649,82.4,0.0,36.014734
0.82404951,64.9,0.0,31.093466
0.77142858,68,0.0,51.44962
0.5970696,62.6,0.0,51.44962
0.64761904,91.9,0.0,28.632832
0.50319285,68,0.0,10.513618
1.11071429,72.3,0.0,25.501116
0.625,77,0.0,33.5541
1.05357143,77,0.0,23.040482
0.45777027,53.6,0.0,33.5541
0.55417956,75.2,0.0,28.632832
0.55714285,53.1,0.0,25.501116
0.03571429,82.4,0.092126,23.040482
0.68138528,71.6,0.0,20.579848
0.7761438,80.6,0.0,28.632832
0.70571096,63.7,0.0,15.434886
0.53214286,48,0.0,31.093466
0.91025641,66.9,0.0,7.605596
0.68627451,60.8,0.0,2.460634
0.30952381,63,0.0,28.632832
0.8295626,91,0.0,18.119214
0.94070513,59,0.0,36.014734
0.89375,73.9,0.0,38.475368
0.77896613,68.9,0.0,18.119214
0.82142857,48.9,0.047244,44.067718
1.2027972,81,0.0,28.632832
0.84468865,66,0.493701,31.093466
1.01680672,70.7,0.0,20.579848
0.69942611,54,0.0,18.119214
0.93809524,54.5,0.0,18.119214
0.92586873,73.6,0.0,28.632832
0.65641026,66.9,0.120473,28.632832
0.50555556,84.2,0.0,25.501116
0.73371648,57,0.0,23.040482
0.64513556,69.1,0.0,36.014734
0.56403941,68,0.0,7.605596
0.92857143,60.1,0.0,12.974252
0.60389611,50.7,0.0,12.079476
1.09198606,89.1,0.0,18.119214
0.95781147,52,0.120473,40.936002
0.61072261,90,0.0,31.093466
0.55502846,64.9,0.0,23.040482
0.60446248,57.4,0.0,29.974996
0.73321709,57.9,0.0,40.936002
0.39338235,46.4,0.0,48.988986
0.50556439,60.1,0.0,20.579848
0.53333333,81.9,0.0,28.632832
0.23271889,57,0.0,20.579848
0.73232323,77,0.0,20.579848
0.51838235,52,0.047244,18.119214
0.56575683,80.1,0.0,15.434886
0.52020202,82,0.0,23.040482
0.77521008,59.4,0.0,18.119214
0.73333333,64,0.0,18.119214
0.44009216,59,0.0,23.040482
0.91851852,64,0.0,18.119214
1.12690952,63,0.0,15.434886
0.66873065,87.1,0.0,38.475368
1.0743034,61,0.0,10.513618
0.57002457,80.6,0.0,18.119214
0.94711538,50,0.0,23.040482
0.46403941,48.2,0.0,20.579848
0.5012407,35.1,0.0,36.014734
0.6,59.4,0.0,18.119214
1.09170654,54.1,0.0,20.579848
0.87645687,85.3,0.0,18.119214
0.89368771,66.9,0.0,7.605596
0.24080882,52.7,0.0,25.948504
0.53571429,46,0.0,25.501116
0.68432055,68,0.84567,44.067718
0.43529412,61,0.0,33.5541
0.91463415,41,0.0,28.632832
1.09752322,55.4,0.0,20.579848
0.8088578,60.1,0.0,25.501116
0.7745098,64.4,0.115748,15.434886
0.48076923,46,0.0,25.501116
0.5882353,81,0.0,23.040482
0.92710893,55.9,0.0,28.632832
0.94312394,61,0.0,7.605596
0.85143288,66,0.0,23.040482
0.80397022,40.1,0.0,25.501116
0.48888889,57.2,0.0,20.579848
0.81148649,61.5,0.0,31.093466
0.90962838,61,0.0,7.605596
0.58455598,44.1,0.0,33.5541
0.60375939,43.7,0.0,12.974252
0.91963109,59,0.0,33.5541
0.84478935,68.7,0.0,33.5541
0.7047619,50,0.0,20.579848
0.7486631,57.9,0.0,20.579848
0.4916388,60.1,0.0,31.093466
0.65765765,75.9,0.0,12.974252
0.5224359,60.1,0.0,31.093466
0.86348684,55.9,0.0,36.014734
0.86348684,73.9,0.0,18.119214
0.7016129,79.9,0.0,23.040482
0.51904762,57.4,0.0,28.632832
0.70631666,64,0.0,20.579848
0.96907994,60.1,0.0,18.119214
0.36818687,48,0.028346,12.974252
0.55765765,38.7,0.0,12.974252
0.70036765,55.9,0.0,40.936002
0.71034483,42.1,0.0,20.579848
0.48897059,60.8,0.0,12.974252
0.92123552,68,0.0,20.579848
1.37593985,44.4,0.0,12.974252
0.95623342,44.6,0.0,15.434886
0.77749843,53.1,0.047244,7.605596
0.52884615,44.6,0.0,15.434886
0.38285714,55,0.0,10.513618
0.86666667,55,0.0,10.513618
1.02222222,62.1,0.0,28.632832
0.78535353,44.2,0.0,4.921268
0.26666666,77,0.0,15.434886
1.03362573,59.5,0.0,23.040482
0.67142857,57,0.0,28.632832
0.50446429,59,0.0,20.579848
1.01120448,48.2,0.0,12.079476
0.90737564,84.6,0.0,28.632832
0.51597051,54,0.0,20.579848
0.31556949,64,0.0,18.119214
0.74761904,78.1,0.0,10.513618
0.58610038,64,0.0,28.632832
0.44497607,68,0.0,15.434886
0.43921568,61,0.0,6.039738
0.68121442,79,0.0,31.093466
0.73648649,46.6,0.0,31.093466
0.76923077,58.5,0.0,4.026492
0.82961125,60.1,0.0,20.579848
0.69411765,64,0.0,25.501116
0.73571428,63,0.0,18.119214
0.39230769,58.5,0.0,4.026492
0.91353383,60.1,0.092126,12.974252
0.27586206,82.2,0.0,33.5541
0.33908046,55.4,0.0,15.434886
0.65277778,63.5,0.0,12.974252
0.61866359,71.1,0.0,7.605596
0.5247678,61,0.0,25.501116
0.60558069,60.8,0.0,18.119214
1.18421053,59.4,0.0,16.105968
0.6879085,84,0.0,10.513618
0.29282407,68,0.0,10.513618
0.42083333,48.9,0.0,38.475368
0.60446248,73.9,0.0,16.105968
0.68768473,72.5,0.0,28.632832
0.79722222,43,0.0,12.974252
0.37647059,62.1,0.0,18.119214
0.69562243,39.9,0.0,36.014734
0.67543859,81.5,0.0,25.501116
0.9704301,55.9,0.0,51.44962
0.43697479,37.4,0.0,23.040482
0.57272727,55.9,0.0,51.44962
0.13571429,70,0.0,12.974252
0.78787879,71.6,0.0,12.079476
0.95686274,64.9,0.0,20.579848
0.61072261,57.9,0.0,31.093466
0.87619047,72,0.0,28.632832
0.90466532,32,0.0,20.579848
1.01217391,43,0.0,28.632832
0.96834457,55,0.0,36.014734
0.94197138,45,0.0,18.119214
0.93665541,30.2,0.0,10.513618
0.63636363,61,0.0,18.119214
0.40969899,43,0.0,28.632832
0.98888889,36,0.047244,14.54011
0.76522436,37.9,0.0,7.605596
0.69696969,79.5,0.27874,7.605596
0.90840841,62.1,0.0,18.119214
0.83333333,56.7,0.162992,23.935258
0.89124839,48.9,0.0,54.133948
0.41428571,51.1,0.0,36.014734
0.45858762,48,0.0,18.119214
1.0814394,51.1,0.0,28.632832
0.57603687,54.7,0.0,10.06623
0.7035473,60.1,0.0,7.605596
0.66302952,44.4,0.0,40.041226
0.51904762,50,0.0,25.501116
0.56871345,46.9,0.0,44.067718
0.87844611,64.4,0.0,54.133948
0.69444444,48.9,0.0,18.119214
1.425,57.4,0.0,28.632832
0.85413534,57.6,0.0,29.974996
0.59795322,75.2,0.092126,44.067718
0.99099099,50,0.0,10.513618
0.5256167,63,0.0,38.475368
0.89493087,67.1,0.0,15.434886
0.66078432,60.1,0.0,15.434886
0.86532508,64.9,0.0,46.528352
0.48294931,55,0.0,23.040482
0.97748593,57.4,0.0,28.632832
0.43711967,64,0.0,18.119214
0.58677098,63.5,0.0,18.119214
0.4809221,82,0.0,12.974252
0.57142857,48,0.0,4.026492
0.81919851,51.8,0.0,23.040482
0.53274682,68.9,0.0,14.092722
0.53839286,61,0.023622,40.936002
0.3,55,0.092126,10.513618
0.78168498,61,0.0,12.974252
0.69814241,52.2,0.0,4.921268
0.65535714,52.2,0.0,4.921268
0.32903226,57.9,0.047244,20.579848
0.51470588,57,0.0,25.501116
0.65840841,60.1,0.115748,10.513618
0.64154412,82,0.0,40.936002
0.51008065,54.3,0.047244,25.501116
0.31818182,50,0.0,25.501116
1.35714286,80.6,0.0,36.014734
0.73232323,64.4,0.0,12.974252
0.68095238,54,0.0,4.921268
0.54056795,77,0.0,36.014734
0.97575758,65.3,0.0,25.501116
0.76286765,50,0.0,28.632832
0.0,66.7,0.0,33.5541
1.13702074,75.2,0.0,33.5541
0.35416667,38.7,0.0,33.5541
0.40625,82,0.0,15.434886
0.58080808,42.1,0.0,28.632832
0.82862903,64,0.0,23.040482
0.69004525,53.8,0.0,19.908766
0.21428572,66.7,0.0,33.5541
0.85797342,62.1,0.0,10.513618
1.00075758,38.7,0.0,33.5541
0.34879032,55,0.0,23.040482
0.89959432,62.1,0.0,28.632832
0.62745098,61,0.0,10.513618
0.9235023,66,0.0,20.579848
0.23271889,77,0.0,23.040482
0.78947368,50,0.0,33.5541
0.51612904,50.2,0.0,28.632832
0.94285714,55.2,0.0,31.093466
0.98739496,77.4,0.0,18.119214
0.83397684,75.2,0.0,38.475368
0.77857143,51.1,0.0,28.632832
0.47132617,84,0.0,18.119214
0.5625,78.8,0.0,38.475368
1.01658986,46.4,0.0,38.475368
0.55108359,84.2,0.0,40.936002
0.99642857,43,0.0,40.936002
0.57157258,81,0.0,28.632832
0.60267857,77,0.27874,31.093466
0.58306452,63,0.0,15.434886
0.81611722,79.9,0.0,12.974252
0.53972154,77.5,0.0,7.605596
0.93358634,75.2,0.27874,31.093466
0.76768293,59,0.0,31.093466
0.86718146,86,0.0,7.605596
1.00961538,82.9,0.0,40.936002
0.77777777,79,0.0,23.040482
0.5483871,72,0.0,20.579848
0.5625,60.1,0.0,18.119214
0.72321429,73,0.092126,28.632832
0.76010101,71.1,0.070866,18.119214
0.29462365,85.1,0.0,12.974252
0.46306818,77,0.0,36.014734
1.34761905,80.4,0.0,18.119214
0.81428572,78.1,0.0,38.475368
0.62335526,78.8,0.0,31.093466
0.76666666,82.9,0.0,10.513618
0.86186931,79,0.0,7.605596
0.28354978,73.9,0.0,18.119214
0.78402904,68.7,0.0,23.040482
0.58874459,78.8,0.0,7.605596
0.625,51.8,0.047244,15.434886
0.59375,43.9,0.0,18.119214
0.71666667,66.2,0.13937,38.475368
0.46394687,71.1,0.0,44.067718
0.50319285,47.8,0.0,28.632832
0.60434783,52.7,0.0,12.974252
0.61402027,82.9,0.0,25.501116
0.94256757,91,0.0,10.513618
0.60089286,80.6,0.070866,12.974252
0.63063063,75.7,0.0,23.040482
1.21048321,52.7,0.0,12.974252
0.24047619,78.1,0.092126,29.527608
0.90902255,96.1,0.0,7.605596
0.7204301,61,0.0,38.475368
0.4847973,66.2,0.023622,12.974252
0.32589286,63,0.0,61.963238
0.66543779,75.9,0.0,12.974252
0.90555556,64.9,0.0,36.014734
0.49420849,48.9,0.0,36.014734
0.64746544,42.6,0.0,25.501116
0.9902439,64,0.0,20.579848
0.5160473,82,0.0,23.040482
0.52102102,44.1,0.0,15.434886
1.33508772,48.2,0.0,72.029468
0.57232143,57,0.0,38.475368
1.30722154,64.9,0.0,28.632832
0.95626577,60.1,0.0,7.605596
0.66586538,64,0.0,10.513618
0.63071896,66,0.0,33.5541
0.82670906,96.1,0.0,38.475368
0.65740741,64.9,0.0,48.541598
0.8015873,48.2,0.023622,31.093466
0.50822368,71.1,0.0,33.5541
0.76208378,86.4,0.0,38.475368
0.57657657,84.9,0.0,38.475368
0.59633699,57.9,0.0,15.434886
0.36213235,84,0.0,25.501116
1.06254827,69.8,0.023622,15.434886
0.88461538,69.1,0.0,10.513618
0.75357143,57.9,0.0,61.963238
0.63233082,63,0.0,38.475368
0.76190476,63,0.0,23.040482
0.87878788,90,0.0,40.936002
0.7761438,84.2,0.0,31.093466
0.51410658,75.9,0.0,28.632832
0.68817204,82,0.0,23.040482
0.37903226,75.9,0.0,36.014734
0.50347222,61,0.0,0.0
0.29670329,81,0.0,12.974252
1.2893617,71.1,0.023622,28.632832
0.7934066,82,0.0,40.936002
0.95441176,66,0.0,36.014734
0.88270676,51.8,0.092126,25.501116
0.59285714,64,0.0,18.119214
0.72727272,80.6,0.0,25.501116
0.86511156,80.6,0.0,28.632832
1.21235521,63,0.092126,18.119214
0.35384615,69.1,0.0,18.119214
0.48181818,54,0.047244,23.040482
0.65,64.9,0.023622,10.513618
0.8998708,66,0.0,31.093466
0.96953405,70,0.0,23.040482
1.0,82.9,0.0,18.119214
0.80628803,75.9,0.0,15.434886
0.73161765,60.1,0.0,38.475368
0.81547619,51.3,0.0,23.040482
0.67816092,55.4,0.047244,38.475368
0.91586538,51.3,0.0,23.040482
0.56964286,77,0.0,12.974252
0.80645162,81,0.0,25.501116
0.33491461,69.1,0.0,15.434886
0.47445887,55.9,0.0,31.093466
0.96060606,55.4,0.047244,38.475368
0.40909091,68.9,0.349606,7.605596
1.15147626,52.3,0.0,18.119214
0.78754579,64,0.0,28.632832
0.96616541,82.4,0.0,28.632832
0.76731601,62.1,0.0,15.434886
0.29464286,66.9,0.047244,18.119214
0.668357,64.9,0.0,33.5541
0.84527439,68,0.0,18.119214
0.74529074,64.9,0.0,15.434886
0.80392157,82.6,0.0,31.093466
0.68115942,48,0.047244,16.105968
0.54975369,57.2,0.0,12.079476
0.84605912,66.9,0.0,10.513618
0.69117647,57.9,0.0,46.528352
0.86186931,61,0.0,4.026492
0.60467836,46.8,0.0,15.434886
0.62777778,81,0.0,15.434886
0.52962963,71.1,0.0,56.594582
0.54210526,63,0.0,28.632832
0.68954249,46.9,0.047244,10.513618
0.72586873,69.1,0.0,18.119214
0.7249104,71.4,0.0,36.014734
0.0,64.9,0.0,15.434886
0.81329423,66.9,0.0,10.513618
0.61742424,66,0.0,23.040482
0.19677419,61,0.0,48.988986
0.8126935,64,0.0,18.119214
0.61430396,83.5,0.441733,33.5541
0.57518797,61,0.0,20.579848
0.65686274,63.9,0.0,18.119214
0.90261628,63.7,0.0,10.06623
0.64761904,61,0.0,40.936002
0.40263691,63,0.0,23.040482
0.51152074,64.9,0.0,20.579848
0.71925133,73,0.0,25.501116
0.63063063,48,0.023622,18.119214
0.47782258,67.1,0.0,28.632832
0.69047619,64.6,0.0,12.974252
0.48571429,66.9,0.0,18.119214
0.83119658,52.5,0.070866,12.974252
0.89848197,76.6,0.092126,31.093466
0.66607143,59,0.0,10.513618
0.64895636,64.9,0.0,25.501116
0.61868687,60.1,0.0,25.501116
1.14285715,80.6,0.0,44.067718
1.11695906,69.1,0.0,18.119214
0.03448276,53.1,0.023622,15.434886
0.87142857,84.2,0.0,25.501116
0.63292548,46.2,0.0,31.093466
0.48484848,79.9,0.0,38.475368
0.55902778,77,0.0,25.501116
1.05731523,73.6,0.0,28.632832
0.76254827,70,0.0,23.040482
0.81881533,51.1,0.0,23.040482
0.66666667,78.8,0.0,44.067718
0.44324971,45.1,0.070866,25.501116
0.82363977,72.1,0.0,23.040482
1.11755952,53.1,0.0,18.119214
1.0959707,86,0.0,44.067718
0.97856615,57,0.0,20.579848
0.77593722,71.1,0.0,33.5541
0.77073907,55.6,0.0,18.119214
0.5,51.1,0.028346,10.513618
0.61554622,52,0.0,4.026492
0.49242424,50.7,0.0,33.5541
0.58680556,66.9,0.0,33.5541
0.50794912,81.3,0.0,20.579848
0.71616541,50,0.047244,2.013246
0.74288425,50,0.0,36.014734
0.52262931,68,0.0,20.579848
0.58468468,52,0.394488,10.513618
0.54444445,52,0.0,25.501116
0.63063063,66,0.0,15.434886
1.03187803,78.8,0.0,28.632832
0.94375,80.6,0.0,18.119214
1.04880067,82.4,0.0,38.475368
0.54444445,61.3,0.0,20.579848
0.82539682,84.2,0.0,31.093466
0.60035843,57,0.0,15.434886
0.60829494,69.6,0.0,28.632832
0.85898617,93.9,0.0,28.632832
0.87191651,63.7,0.0,18.119214
0.68392857,63,0.0,28.632832
0.68138528,70.3,0.231496,15.434886
0.49285714,56.7,0.0,18.119214
0.27126436,42.8,0.0,12.974252
0.41515151,84,0.0,20.579848
1.0250896,47.5,0.0,20.579848
0.63122172,66,0.0,18.119214
0.87878788,68,0.0,12.974252
0.41515151,61.2,0.0,27.96175
0.75178571,82.4,0.0,12.974252
0.86842105,54,0.0,25.501116
1.26897019,93,0.0,15.434886
0.90096618,54,0.0,12.974252
0.53588516,46.2,0.0,18.119214
0.59975369,53.1,0.0,28.632832
0.84722222,64,0.0,18.119214
0.65803571,63,0.0,15.434886
0.64495798,51.4,0.0,25.501116
0.41995842,62.1,0.0,23.040482
0.65232558,67.5,0.0,10.513618
0.48713235,53.2,0.0,15.434886
0.54545454,98.1,0.0,15.434886
0.74509804,66.9,0.0,23.040482
0.33333333,84.9,0.0,18.119214
1.15238679,52,0.0,10.513618
0.75294118,62.6,0.0,10.513618
0.53125,62.4,0.047244,6.039738
0.76166328,62.6,0.0,10.513618
1.10135135,69.8,0.0,15.434886
0.63682432,57,0.0,23.040482
0.48294931,58.3,0.0,23.040482
0.41386555,70,0.0,25.501116
0.97285067,79,0.0,25.501116
0.7437276,68,0.0,15.434886
0.43529412,100,0.0,33.5541
1.04962406,64.6,0.0,4.026492
0.74791667,72,0.0,12.974252
0.46306818,63,0.0,6.039738
1.16456457,71.6,0.0,7.605596
0.59220779,69.1,0.0,7.605596
0.75686274,59,0.0,12.974252
0.77591973,73.4,0.0,12.974252
0.59415584,64.6,0.0,25.501116
0.67174796,66,0.0,25.501116
0.82251082,77,0.0,36.014734
0.46212121,99,0.0,33.5541
0.8172043,73,0.0,14.092722
0.73847377,62.6,0.0,38.475368
1.13888889,68,0.047244,25.501116
0.76883116,68.5,0.0,7.605596
1.09285714,73,0.0,12.974252
0.71180556,84,0.0,25.501116
0.84666667,64.6,0.0,25.501116
0.51111111,59,0.0,28.632832
0.88461538,66,0.0,18.119214
0.59047619,60.1,0.0,20.579848
0.50898588,68,0.0,10.06623
0.52955665,71.1,0.0,28.632832
0.37815126,50.4,0.0,15.434886
0.75546218,69.8,0.0,12.974252
0.60902255,64,0.0,18.119214
1.11388889,68,0.0,4.026492
0.46394687,57.4,0.0,21.922012
1.05641026,84,0.0,28.632832
1.25858124,64,0.0,18.119214
0.82672139,70,0.0,23.040482
1.01111111,95,0.0,28.632832
1.12123552,74.1,0.0,18.119214
1.01045296,75.2,0.070866,36.014734
0.58796764,59,0.047244,28.632832
0.78627451,71.1,0.0,20.579848
0.93199651,72,0.0,18.119214
0.53079179,71.6,0.0,4.921268
1.27954545,64.4,0.0,15.434886
0.67059891,63,0.0,25.501116
0.61458333,71.6,0.120473,31.093466
0.66785714,57.2,0.0,4.026492
0.62837838,75,0.0,12.974252
0.78301159,69.3,0.023622,21.922012
0.93888889,52.9,0.0,10.513618
0.53972154,66,0.0,7.605596
0.65840841,64,0.0,12.079476
1.00879765,84,0.0,23.040482
0.86617647,64,0.0,10.06623
0.97345768,60.3,0.0,25.501116
0.35416667,89.1,0.0,38.475368
0.57575757,70,0.0,15.434886
0.90873016,72,0.0,10.513618
0.85686274,78.8,0.0,20.579848
0.92383293,64.9,0.0,28.632832
0.67816092,64.9,0.0,16.105968
0.75675676,78.1,0.0,23.040482
1.04991088,59,0.0,15.434886
0.46012931,55.9,0.070866,15.434886
0.36236559,76.1,0.0,18.119214
0.83900929,68,0.0,12.974252
0.77777777,68,0.0,7.605596
0.81955485,71.1,0.0,38.475368
0.97187759,62.1,0.0,54.133948
0.91124661,79,0.0,36.014734
0.06896552,53.1,0.231496,15.434886
0.80769231,70,0.0,28.632832
0.77229438,71.1,0.0,20.579848
0.68954249,78.1,0.0,12.974252
1.05089286,68.9,0.441733,18.119214
0.42241379,79,0.0,10.513618
1.09926262,64.4,0.0,28.632832
0.46470588,68,0.0,18.119214
0.65464896,75.9,0.0,40.936002
0.67171717,71.6,0.0,15.434886
0.6498708,73,0.0,12.974252
0.97345768,69.1,0.0,7.605596
0.62756598,88,0.0,12.974252
0.03571429,77.5,0.0,20.579848
0.75,64.9,0.0,7.605596
0.50982143,57,0.0,15.434886
0.81686047,77,0.13937,23.040482
0.33986175,70,0.13937,16.105968
0.29032258,60.1,0.0,64.647566
0.32543103,81,0.0,10.513618
0.68627451,72,0.0,20.579848
0.71347249,72,0.047244,20.579848
0.84712838,71.6,0.0,18.119214
0.61428571,68,0.0,7.605596
0.90540541,78.3,0.0,25.501116
0.56695992,70,0.0,23.040482
0.94672657,80.4,0.0,10.513618
0.8126935,82.4,0.0,20.579848
0.68040541,79.7,0.0,25.501116
0.43087121,80.6,0.0,10.513618
0.384535,79,0.0,15.434886
0.48397436,66.9,0.0,23.040482
0.43571429,79,0.0,18.119214
0.77389277,71.6,0.0,20.579848
1.1174968,66.9,0.0,23.040482
0.74942529,66.9,0.0,18.119214
0.73245614,84.2,0.0,12.974252
0.89215686,64,0.0,31.093466
0.8622291,80.6,0.0,15.434886
0.38181818,80.1,0.0,12.974252
0.57582583,84,0.0,20.579848
1.25,64.9,0.0,23.040482
0.59375,72,0.0,8.94776
1.10241935,82.9,0.0,4.026492
0.71396397,73,0.0,20.579848
0.27647059,58.5,0.0,28.632832
0.76444159,82.4,0.0,31.093466
0.83111111,73.4,0.0,10.513618
0.67536782,78.4,0.0,33.5541
0.7929293,66,0.0,36.014734
0.6097973,82.9,0.0,31.093466
1.69156504,82,0.0,23.040482
0.97794118,75.2,0.0,40.936002
0.71893939,88,0.0,25.501116
0.6,84,0.0,6.039738
1.00834824,86.9,0.0,10.513618
1.01474202,84.2,0.0,12.974252
0.83868093,59,0.0,36.014734
0.85135135,75.9,0.0,10.513618
0.62756598,56.8,0.0,31.093466
0.43181818,69.1,0.0,10.513618
0.79773322,70,0.0,18.119214
0.66666666,82.9,0.0,10.513618
0.54377881,77,0.231496,36.014734
0.82667876,64,0.0,18.119214
0.89523809,73.4,1.114961,7.605596
0.59726295,78.6,0.0,36.014734
0.88571429,84.9,0.0,15.434886
0.54009216,77.9,0.0,31.093466
0.56875,73.4,0.092126,10.513618
0.8935299,90.5,0.0,23.040482
0.96425458,66.9,0.0,25.501116
0.54907162,77,0.023622,20.579848
0.67873303,87.1,0.0,25.501116
0.81919851,75,0.0,20.579848
0.80020704,75.9,0.0,12.974252
0.84204672,87.4,0.0,25.501116
0.67132867,56.3,0.0,20.579848
0.72190611,73.4,0.0,28.632832
0.57142858,86,0.0,15.434886
0.78571429,82.9,0.0,12.974252
0.76634768,68,0.0,38.475368
0.88927638,91,0.0,31.093466
0.46666666,62.1,0.0,28.632832
0.74712643,69.4,0.0,2.460634
1.07120743,78.3,0.0,25.501116
0.73732251,57.2,0.0,7.605596
0.88636364,60.8,0.0,23.040482
0.93720191,86,0.231496,25.501116
0.77761837,78.1,0.0,25.501116
0.56470588,61,0.0,38.475368
0.79166667,81.9,0.023622,20.579848
0.42083333,70.7,0.0,14.54011
0.85,69.1,0.0,40.936002
0.48484848,80.6,0.0,33.5541
0.65058479,95,0.0,18.119214
1.03508772,84,0.0,51.44962
0.44514106,78.6,0.0,23.040482
0.40263691,82,0.0,25.501116
0.63233082,62.1,0.0,31.093466
0.63063063,84,0.0,31.093466
0.51470588,87.1,0.0,36.014734
0.29166667,80.1,0.0,38.475368
1.03882784,75.9,0.0,15.434886
0.55050505,70,0.0,12.974252
0.44932079,71.6,0.0,29.974996
0.90949821,82.4,0.0,33.5541
0.47782258,69.1,0.27874,28.632832
0.38095238,78.1,0.0,31.093466
0.55436082,63,0.0,23.040482
0.74652778,84,0.0,31.988242
1.05303031,70,0.0,12.974252
0.86111111,59,0.0,33.5541
0.71794871,78.1,0.27874,25.501116
0.7368421,93,0.0,18.119214
0.55913978,79.5,0.0,20.579848
0.39677419,82,0.0,23.040482
0.51787271,78.6,0.0,25.501116
0.44633205,61.9,0.0,23.040482
0.86140351,84.9,0.0,20.579848
0.77589134,64,0.0,40.936002
0.4994709,79.5,0.0,18.119214
0.24695652,79,0.0,7.605596
0.92454212,51.3,0.092126,36.462122
0.49047619,80.1,0.0,33.5541
0.81609195,55.9,0.047244,31.093466
0.55,57,0.0,36.014734
0.76190476,80.1,0.0,33.5541
0.21195652,84,0.0,10.513618
0.82580645,68,0.0,7.605596
0.71171171,44.6,0.092126,74.490102
0.99832776,79,0.0,7.605596
0.55277778,97,0.0,20.579848
0.7929293,72,0.0,18.119214
0.69078947,60.1,0.0,15.434886
0.54375,60.1,0.0,33.5541
0.43766578,46.6,0.13937,31.093466
0.59379968,46.9,0.0,36.014734
0.84547591,99,0.0,10.513618
0.43181818,52,0.0,48.988986
0.71869829,82.4,0.27874,28.632832
0.70175438,70,0.0,7.605596
0.65952381,60.1,0.0,18.119214
0.82815735,52.9,0.092126,16.105968
0.8229665,64.9,0.0,15.434886
0.2835249,57,0.0,25.501116
0.82857143,48.4,0.0,36.014734
0.74146341,98.1,0.0,44.067718
0.61428571,82,0.0,23.040482
0.90769231,48.9,0.0,20.579848
0.68627451,53.4,0.0,10.513618
0.735,87.8,0.0,15.434886
0.93333334,55.9,0.0,28.409138
1.16791979,51.1,0.073228,33.5541
0.75548589,64,0.0,25.501116
0.51268116,53.4,0.0,10.513618
0.78595318,56.7,0.0,28.409138
1.01683501,56.7,0.0,28.409138
0.7542735,66.9,0.0,7.605596
0.69139785,68,0.0,23.040482
1.00625,48.9,0.0,20.579848
0.73852813,68,0.0,18.119214
0.60625,62.1,0.0,31.093466
0.95207373,77,0.0,18.119214
0.46904969,64,0.0,44.067718
0.64830842,68,0.0,20.579848
0.38035527,62.1,0.0,10.513618
0.29094828,57.4,0.0,15.434886
0.94208494,98.1,0.0,12.974252
0.47230769,62.1,0.0,23.040482
0.5830721,80.6,0.0,33.5541
0.48571429,54,0.0,5.59235
0.55378151,69.1,0.0,14.092722
0.62753624,62.1,0.0,23.040482
0.73958333,63.3,0.0,10.513618
0.62463054,75.6,0.0,18.119214
0.50873015,74.5,0.0,10.513618
0.57142857,98.1,0.0,18.119214
1.22794118,66,0.092126,16.77705
0.97794118,66.9,0.0,10.513618
0.7047619,78.1,0.0,10.513618
1.09170654,70,0.0,10.513618
0.57720588,69.4,0.0,33.5541
1.0029564,80.6,0.0,44.067718
0.97683398,64,0.0,15.434886
0.98611111,73,0.0,6.039738
0.96111111,61.3,0.0,25.501116
0.70769231,66.9,0.0,10.513618
0.5256167,69.1,0.0,7.605596
0.70952381,100.9,0.0,15.434886
0.82857142,66.2,0.0,23.040482
0.8395722,69.3,0.0,28.409138
0.58437686,62.6,0.047244,10.513618
0.63099415,72,0.0,10.513618
0.89409499,81,0.0,18.119214
0.9841629,66.7,0.0,18.566602
0.98263889,70,0.0,9.618842
0.66807432,68,0.0,12.974252
0.67142857,78.6,0.0,15.434886
0.86932849,82.4,0.0,10.513618
0.39962121,56.7,0.0,15.434886
0.77229602,73.9,0.0,8.052984
1.14555053,72,0.0,18.119214
0.697479,71.1,0.0,12.974252
0.88927638,69.1,0.047244,10.513618
1.01146602,73.4,0.0,7.605596
0.99681021,74.3,0.0,25.501116
0.5025641,82.4,0.27874,33.5541
0.62321145,79.3,0.0,12.974252
0.33147942,82,0.0,18.119214
0.70833333,104,0.0,31.093466
0.8126935,61,0.0,3.579104
0.92857143,60.8,0.0,20.579848
0.87301587,68,0.0,7.605596
0.625,72,0.047244,10.513618
0.94623656,86.2,0.0,18.119214
0.64393939,70,0.0,20.579848
0.69208211,70,0.047244,28.632832
0.49910395,79,0.0,10.513618
0.68121442,69.8,0.465355,20.579848
1.04186047,80.6,0.0,6.039738
0.8,68.9,0.0,10.961006
0.70833333,66,0.0,20.579848
0.56862745,69.8,0.186614,15.434886
0.89583333,81,0.0,12.974252
0.92540793,58.5,0.0,12.974252
0.75130616,90.5,0.0,33.5541
0.93589744,80.1,0.0,25.501116
1.10722611,55.8,0.0,20.579848
0.6491228,82.8,0.0,15.434886
0.94545455,85.1,0.0,23.935258
0.53392659,71.1,0.047244,12.974252
0.86666667,70,0.0,15.434886
0.50907258,66.2,0.0,23.040482
0.85645933,87.1,0.0,31.093466
0.87631579,84.2,0.0,15.434886
0.58067227,66,0.023622,8.052984
0.65347985,84,0.0,15.434886
0.70535714,84.4,0.0,15.434886
0.70535714,68,0.0,20.579848
0.75,80.6,0.0,12.974252
0.87373737,71.6,0.27874,18.119214
0.86032389,91.2,0.0,10.513618
0.82536765,90.5,0.0,25.501116
0.86666667,63.3,0.0,2.460634
0.93434344,68,0.0,38.475368
0.35828877,66,0.0,20.579848
0.46595528,82.9,0.0,28.632832
0.58151261,84.9,0.0,10.513618
1.16463415,73.9,0.0,15.434886
0.57272727,91,0.0,33.5541
0.57972351,89.1,0.0,25.501116
0.79047619,78.8,0.0,36.014734
0.3866995,82.4,0.27874,18.119214
0.68138528,84,0.0,28.632832
0.63931888,83.3,0.0,29.974996
0.75514874,88,0.0,7.605596
0.76550079,63.3,0.0,18.119214
0.49607672,69.8,0.0,36.014734
0.59411765,85.1,0.0,28.632832
0.50907258,84,0.0,15.434886
0.69444444,75.2,0.0,20.579848
0.57720588,86,0.0,20.579848
0.83571429,90,0.0,23.040482
0.50159489,66,0.0,23.040482
0.76078432,78.4,0.0,18.119214
0.64967105,86,0.0,25.501116
1.22958931,88.3,0.0,10.513618
0.75322812,68,0.0,20.579848
0.7059387,82.8,0.0,10.513618
0.93142516,84.9,0.0,28.632832
1.01704545,64,0.0,15.434886
0.84050179,64.9,0.0,20.579848
0.72474747,89.4,0.0,23.935258
1.12410714,73,0.0,18.119214
0.83552124,82.6,0.0,25.501116
0.81272401,86,0.0,23.040482
0.77692308,87.1,0.0,12.974252
0.45208845,78.1,0.0,2.013246
0.78035714,73.9,0.070866,12.974252
0.92891986,73.9,0.791339,10.513618
0.59459459,93.9,0.0,8.052984
0.38528138,68,0.0,23.040482
0.46212121,84,0.27874,8.052984
0.59982174,82.9,0.092126,20.579848
0.8295626,74.7,0.092126,10.513618
0.51428571,62.1,0.0,54.133948
0.58238884,78.1,0.115748,15.434886
1.19597069,78.4,0.047244,7.605596
0.50244379,82.9,0.023622,28.632832
0.64495798,61,0.0,46.528352
1.04705882,84.9,0.0,10.513618
0.42291667,88,0.0,4.026492
0.41923775,80.1,0.0,15.434886
0.41866029,91.4,0.0,23.040482
0.86842105,95,0.0,25.501116
0.75961538,75,0.092126,10.513618
0.43087121,81.1,0.0,4.921268
0.42211982,70.7,0.0,14.54011
0.78676471,82.4,0.0,23.040482
0.28528226,68,0.0,20.579848
0.7125,88,0.0,10.513618
0.77598566,72,0.0,18.119214
0.74197689,86,0.0,10.513618
1.07602339,63,0.0,16.105968
0.65058479,78.1,0.0,36.014734
1.19597069,83.3,0.0,20.579848
0.34022988,64,0.0,56.594582
0.54779412,81,0.047244,7.605596
1.02711324,97,0.0,12.974252
0.69230769,72,0.023622,7.605596
0.81458333,71.8,0.0,12.079476
1.12891986,87.1,0.0,18.119214
1.34569378,75.9,0.0,10.513618
0.97619048,75,0.0,23.040482
0.75882353,89.1,0.0,25.501116
0.21825397,68.9,0.0,2.460634
0.58333333,83.1,0.047244,23.040482
0.7008547,88,0.0,12.974252
0.99019608,73.2,0.0,12.079476
0.74025974,69.1,0.0,36.014734
0.79665071,61.7,0.0,14.092722
0.72574526,102,0.0,25.501116
0.70089286,66.9,0.0,20.579848
0.79078341,87.1,0.0,20.579848
0.75732601,68,0.0,33.5541
1.1031746,80.1,0.0,10.513618
0.70175438,86,0.0,25.501116
0.44505494,78.6,0.0,6.039738
0.9484127,89.1,0.0,10.513618
0.70294118,72,0.0,23.040482
0.66385135,70.2,0.0,2.460634
0.54779412,77,0.0,7.605596
0.7972973,108,0.0,12.974252
1.14898989,68,0.0,28.632832
0.81609195,84.7,0.13937,28.632832
0.83809524,84.9,0.0,25.501116
0.55536182,84.9,0.0,18.119214
0.67272727,78.6,0.0,6.039738
0.83804348,75,0.0,12.974252
0.65092166,69.1,0.0,7.605596
0.93846154,71.8,0.0,14.092722
0.56810036,67.3,0.0,6.039738
0.55108359,111,0.0,33.5541
0.72321429,95,0.0,36.014734
0.54804805,89.6,0.0,36.014734
1.01176471,79.2,0.0,18.119214
0.98611111,68,0.0,31.093466
0.17407407,84.9,0.0,25.501116
0.64169884,69.1,0.0,23.040482
0.39354839,75.6,0.0,10.961006
0.68402778,79.3,0.0,21.922012
0.89124424,88,0.0,23.040482
0.78867623,84.9,0.0,31.093466
0.91666667,75.9,0.0,18.119214
0.62857143,76.3,0.0,25.501116
0.39658444,75.9,0.0,18.119214
0.86409267,77,0.0,15.434886
0.44848485,65.5,0.0,4.921268
0.42911877,73.9,0.0,10.513618
1.07791328,62.6,0.0,31.093466
0.47018573,70.7,0.0,10.513618
0.93625192,68,0.0,59.055216
0.7047619,73,0.0,25.501116
0.71062618,95,0.0,12.974252
0.64785789,88.3,0.0,10.513618
0.88014311,91.9,0.0,10.513618
0.90501792,66,0.0,15.434886
0.80170778,91,0.0,28.632832
0.50806452,64.2,0.092126,14.092722
0.47619047,78.1,0.0,7.605596
1.04175824,95,0.0,15.434886
0.7482066,69.8,0.0,38.475368
1.14456317,66,0.0,25.501116
0.36824324,64.6,0.0,12.974252
0.90590111,81,0.0,12.079476
0.66111111,85.5,0.0,25.501116
0.56280788,88,0.0,25.501116
0.96422894,80.2,0.0,12.974252
0.95604395,70.5,0.0,23.040482
0.71171171,78.1,0.0,38.475368
0.77886977,82.4,0.27874,61.963238
0.78494623,73,0.0,25.501116
0.73040541,71.1,0.0,40.936002
0.53571429,91,0.0,23.040482
0.6780303,68.9,0.0,25.501116
1.0491453,91.4,0.0,18.119214
0.89473684,70,0.0,18.119214
1.35,75.9,0.0,18.119214
0.59982174,69.8,0.0,23.040482
1.32454212,91.4,0.0,10.06623
0.78653846,64.2,0.0,19.01399
0.36129032,70,0.0,20.579848
0.79447004,80.1,0.0,12.974252
1.01963994,85.3,0.0,20.579848
0.76715177,91.9,0.0,20.579848
0.45858762,82.9,0.0,16.105968
0.75077399,75,0.0,25.501116
0.77142857,75.9,0.0,23.040482
0.48294931,63.3,0.0,15.434886
0.45,88,0.0,10.513618
1.21341463,74.8,0.0,15.434886
0.87946429,69.1,0.0,18.119214
0.92147436,89.6,0.0,18.119214
1.12972973,78.1,0.0,12.974252
0.91861472,75.9,0.0,18.119214
0.92315271,86.9,0.0,7.605596
0.27619047,78.1,0.0,8.052984
0.81286549,75,0.0,15.434886
0.72474747,69.8,0.0,25.501116
0.77293233,91.4,0.0,28.632832
0.96790541,96.1,0.0,31.093466
0.31515151,115,0.0,31.093466
0.95311355,82.9,0.0,12.974252
0.58676208,91.4,0.0,10.513618
0.85784314,71.1,0.0,18.119214
1.23055556,72,0.0,12.974252
0.90962838,79,0.0,31.093466
0.78957529,86,0.0,25.501116
0.55387931,82.9,0.0,18.119214
1.06994048,87.4,0.0,20.579848
1.25407926,69.1,0.0,15.434886
0.45689655,91.4,0.0,10.513618
0.60483871,74.1,0.0,5.59235
0.52083333,82,0.0,12.974252
0.70506913,68.9,0.0,15.434886
0.58333333,85.3,0.092126,4.026492
0.86111111,89.6,0.047244,36.014734
1.02618243,82.9,0.13937,15.434886
1.11071429,73.9,0.0,18.119214
0.80208333,57.9,0.0,40.936002
0.75749129,77,0.023622,8.052984
0.75396825,75,0.231496,31.093466
0.48529412,90,0.047244,25.501116
1.17063492,85.3,0.092126,4.026492
0.67836257,75.9,0.0,12.974252
0.56862745,91.4,0.0,18.119214
1.01318681,71.1,0.0,18.119214
0.37471264,70.5,0.0,19.01399
0.40196079,114.1,0.0,46.528352
1.05769231,81.7,0.0,10.513618
1.16860465,59,0.0,40.936002
0.68690702,82.8,0.0,12.974252
0.67816092,69.1,0.0,20.579848
1.08333333,84.2,0.27874,36.014734
0.70454545,79,0.0,23.040482
0.99267399,93.9,0.0,18.119214
0.94038462,77,0.0,20.579848
1.1031746,86.7,0.0,25.501116
0.71611722,111.9,0.0,36.014734
0.56060606,82.9,0.0,38.475368
0.62251082,93.2,0.0,28.632832
0.39463601,84.9,0.0,10.06623
0.40468227,82.9,0.0,38.475368
0.76715177,69.1,0.0,20.579848
0.49051233,84.9,0.0,20.579848
0.46,68.5,0.092126,9.618842
0.51923077,87.1,0.0,36.014734
0.59411765,65.7,0.0,28.632832
0.92383293,82.4,0.13937,36.014734
1.01631702,69.1,0.0,28.632832
0.53496504,87.1,0.0,36.014734
0.76576576,107.1,0.0,36.014734
0.29166667,85.3,1.76693,10.513618
0.85454545,64.9,0.0,31.093466
0.32903226,86.5,0.0,20.579848
0.93026316,75.9,0.0,15.434886
0.30933063,102,0.302362,28.632832
0.74910714,66,0.0,20.579848
0.28526646,66,0.047244,15.434886
0.47099567,75.9,0.0,12.974252
0.98333333,63,0.047244,23.040482
0.96785714,63,0.0,18.119214
0.89772727,71.8,0.0,18.119214
0.7137161,66.9,0.0,31.093466
0.59852217,77,0.0,10.513618
0.84210526,82.4,0.0,18.119214
0.45208333,67.8,0.0,25.501116
0.58294931,69.1,0.0,28.632832
0.64581124,86,0.13937,33.5541
0.44919786,83.8,0.023622,12.974252
0.85291005,75,0.0,38.475368
0.5227704,74.3,0.0,8.052984
0.92089093,88,0.047244,12.079476
1.04465116,75.9,0.0,15.434886
0.41431452,75.9,0.0,4.026492
0.613798,73,0.0,15.434886
1.01428571,70,0.0,18.119214
0.53438892,79,0.0,12.974252
0.97875458,75.9,0.0,12.974252
1.09393939,93.2,0.0,28.632832
0.59013283,88,0.0,10.513618
0.90569106,75,0.0,10.513618
0.52430556,93.2,0.0,28.632832
0.59821429,81.7,0.0,15.434886
0.24242424,70,0.0,23.040482
1.11904762,72,0.0,15.434886
0.42364532,81,0.070866,20.579848
0.75877193,82,0.13937,23.040482
0.87692308,82.9,0.0,25.501116
0.45404412,82.9,0.0,28.632832
0.94343891,75.2,0.0,18.119214
0.34243698,77,0.720473,10.513618
0.57949309,59,0.0,15.434886
0.92105263,93.2,0.0,31.093466
0.84431524,87.1,0.0,18.119214
0.77777778,82,0.0,25.501116
0.5785473,65.5,0.0,2.013246
0.66666666,72.9,0.047244,8.500372
1.25714286,72,0.0,23.040482
0.50347222,75,0.0,31.093466
0.94579946,84.2,0.0,18.119214
0.94891775,84.9,0.0,18.119214
0.48888889,75,0.0,31.093466
0.89215686,75,0.0,5.59235
0.71790541,80.1,0.028346,20.579848
0.78263404,63.7,0.0,23.040482
0.74868421,62.6,0.27874,23.040482
0.65913978,83.5,0.047244,23.040482
0.5010142,75.2,1.114961,25.053728
0.83080808,60.8,0.0,15.434886
0.66063349,82.9,0.0,28.632832
1.14932681,82,0.115748,25.501116
0.87626263,73.9,0.0,16.105968
0.98498498,91.4,0.0,25.501116
0.71541502,84,0.0,33.5541
0.68160919,84.9,0.0,44.067718
0.74285714,79.9,0.0,25.948504
1.15980919,66.2,0.0,20.579848
1.06348209,79.9,0.0,28.632832
0.75130616,73.9,0.259843,15.434886
0.68250377,70,0.0,12.974252
0.48076923,84,0.0,33.5541
0.32866379,77,0.826772,10.06623
0.62077922,87.1,0.0,36.014734
0.90779014,68,0.0,18.119214
0.55902778,83.7,0.047244,28.632832
0.91608391,82.6,0.0,4.921268
0.91319444,69.8,0.0,28.632832
0.88172043,75,0.0,12.974252
0.61363636,89.1,0.162992,20.579848
0.54377881,59.2,0.0,33.5541
0.2507837,84.9,0.0,18.119214
0.87018256,73,0.0,23.040482
1.21025641,83.8,0.0,29.974996
0.57505071,84.2,0.047244,12.974252
0.39930253,84.9,0.0,25.501116
0.92807017,78.1,0.0,25.501116
0.79974969,75.2,0.27874,23.040482
0.73333333,75.9,0.0,18.119214
1.025,90,0.0,8.052984
1.20350878,64,0.0,31.093466
0.63137255,71.6,0.0,10.513618
1.19699248,89.2,0.0,23.040482
1.11568627,90.1,0.0,21.922012
0.88831169,82.9,0.0,7.605596
1.25227273,86,0.047244,12.974252
0.61837121,89.1,0.0,7.605596
1.1010296,69.8,0.27874,38.475368
0.54299754,85.3,0.0,23.040482
0.63333333,84.9,0.023622,28.632832
0.93333333,88.2,1.114961,23.935258
0.71731749,83.5,0.325984,20.579848
0.59276018,93,0.0,33.5541
0.55048077,73.9,0.0,10.513618
0.36689815,80.4,0.0,20.579848
0.98965517,90.5,0.0,20.579848
0.77941176,66.9,0.0,31.093466
0.62082671,88,0.023622,15.434886
0.66190476,80.6,0.0,10.513618
1.16208598,90,0.0,14.092722
1.05263158,71.6,0.0,38.475368
0.34045584,75.9,0.092126,18.119214
0.8468254,75.9,1.228347,10.513618
1.27177701,71.4,0.231496,10.513618
0.85863095,93,0.0,25.501116
1.03030303,80.1,0.070866,12.974252
0.39658444,84.2,0.27874,15.434886
1.29583333,91.9,0.0,20.579848
0.94230769,75.9,0.092126,18.119214
0.90412486,80.6,0.0,25.501116
1.3772093,80.6,0.023622,10.513618
0.99278846,77,0.0,6.039738
0.81428571,92.3,1.556694,18.119214
1.12825059,70.2,0.0,25.501116
0.48571429,64,0.0,31.093466
0.83484848,95,0.047244,36.014734
0.74573055,60.8,0.186614,25.501116
1.12473868,66.7,0.0,36.014734
0.55587121,68,0.047244,12.974252
0.7443609,85.3,0.0,20.579848
1.35321637,76.1,0.092126,10.06623
0.67507003,77.4,0.0,7.605596
0.67965368,68,0.047244,12.974252
1.04866562,77,0.0,7.605596
0.90417457,106,0.0,23.040482
0.53947368,68,0.0,33.5541
0.58238884,75.9,0.0,15.434886
0.6271777,75,0.0,28.632832
0.96959459,75,0.0,12.974252
0.48566748,80.8,0.0,25.501116
0.37857143,73.9,0.0,25.501116
0.73822302,80.6,0.023622,15.434886
0.81653746,78.1,0.0,10.513618
0.86153846,68,0.0,36.014734
0.47272727,77,0.13937,15.434886
0.98483849,66.2,0.023622,12.974252
1.0491453,86,0.0,15.434886
0.47445887,64.9,0.0,38.475368
0.57972351,71.1,0.0,28.632832
0.25241379,82.4,0.0,20.579848
0.69123669,102.9,0.0,23.040482
0.69473684,104,0.115748,18.119214
0.57603687,80.2,0.0,23.040482
0.84498208,87.1,0.0,18.119214
0.46941046,73.9,0.0,31.093466
0.39354839,64.9,0.047244,12.079476
0.73283706,81,0.0,25.501116
0.58359133,73,0.0,15.434886
0.56862745,80.4,0.0,20.579848
0.62962963,82.4,0.0,31.093466
0.95686274,72,0.0,7.605596
1.04375,81,0.0,20.579848
0.87037037,66,0.0,36.014734
0.60197368,82,0.0,15.434886
0.66177908,71.6,0.0,12.974252
0.66190476,79,0.0,25.501116
0.54010695,79,0.0,10.513618
0.61803714,73.9,0.0,10.513618
0.64495798,80.6,0.0,38.475368
0.66428571,75.9,0.023622,12.974252
0.5060606,102,0.0,15.434886
0.59019608,87.1,0.0,25.501116
0.41607143,89.1,0.0,25.501116
0.64611006,83.7,0.0,12.974252
0.62619047,78.1,0.0,7.605596
0.5,69.8,0.0,25.501116
0.90870871,82.9,0.0,10.513618
0.67261905,73.9,0.0,10.513618
0.33491461,66,0.0,33.5541
0.79567099,87.1,0.0,18.119214
0.89215686,80.1,0.0,20.579848
0.54056795,81,0.0,7.605596
0.63636363,87.8,0.0,25.501116
0.98220172,84.9,0.0,59.055216
0.72381635,71.1,0.0,23.040482
1.11470007,86,0.0,25.501116
0.74025974,88.2,0.0,20.579848
0.77067669,79,0.0,12.974252
0.73809524,79.7,0.210236,15.434886
1.07730263,93.9,0.0,18.119214
0.56438792,89.1,0.0,18.119214
0.53839286,60.4,0.0,23.040482
0.56296297,82.9,0.0,31.093466
1.11071429,89.6,0.0,23.040482
0.5,72,0.092126,18.119214
0.40625,81,0.0,23.040482
0.97008547,92.8,0.0,18.119214
0.65347985,84.9,0.0,18.119214
0.74210526,59.9,0.0,36.014734
0.57777778,83.7,0.047244,20.579848
0.91239316,82.4,0.0,31.093466
0.68585526,109,0.0,25.501116
0.9502924,71.1,0.0,18.119214
1.03875969,86.9,0.0,25.501116
0.94718615,80.1,0.0,12.974252
0.76509512,88,0.047244,23.040482
0.5530303,66,0.0,15.434886
0.69504644,87.4,0.0,7.605596
0.48275862,84.2,0.0,18.119214
0.88636364,71.1,0.0,15.434886
0.93409091,72,0.210236,4.026492
0.9117647,75.9,0.0,20.579848
0.79202586,91,0.0,33.5541
0.67698413,70.3,0.0,31.093466
0.46862745,70,0.0,20.579848
1.07714286,84,0.047244,36.014734
0.56674856,80.1,0.186614,12.974252
0.37636364,91,0.0,33.5541
0.85213415,59,0.0,15.434886
0.77931034,84,0.047244,36.014734
0.75444016,91.4,0.0,7.605596
0.72053571,109,0.0,18.119214
0.98916408,84,0.0,18.119214
0.70856507,72,0.0,10.513618
0.40909091,63.9,0.0,16.553356
0.59379968,109.9,0.047244,25.501116
0.96323529,77,0.0,15.434886
0.9063942,73,0.0,15.434886
0.87207208,61.7,0.0,31.093466
0.50048876,80.6,0.047244,44.067718
0.6637931,70,0.0,7.605596
0.60130719,85.3,0.0,15.434886
0.47222222,77,0.0,20.579848
0.58151261,83.3,0.27874,12.974252
0.54107143,80.1,0.0,15.434886
0.70833333,88,0.0,15.434886
0.67836812,66.7,0.0,25.501116
1.03174603,68.2,0.0,10.513618
0.75291375,78.1,0.0,23.040482
1.17719299,73.6,0.0,25.948504
0.94891775,63.9,0.0,15.434886
0.56696429,71.1,0.0,15.434886
0.49768519,86,0.0,23.040482
0.32291667,77,0.070866,6.039738
1.06108597,84.9,0.0,31.093466
0.81935484,75.9,0.0,15.434886
0.23271889,85.5,0.0,20.579848
0.98498498,63,0.0,15.434886
0.42688172,78.1,0.0,12.974252
0.54444445,68,0.0,10.06623
0.2647386,87.8,0.0,31.093466
0.85520362,79,0.0,15.434886
1.6796741,77,0.0,12.974252
0.60714286,80.1,0.0,23.040482
0.45404412,68.4,0.047244,25.948504
0.93914808,88,0.0,8.052984
0.62352941,77,0.0,18.119214
0.59803921,82.2,0.0,15.434886
0.83602151,80.1,0.0,23.040482
1.35622593,73.9,0.0,28.632832
0.73844812,64.9,0.0,33.5541
0.69444444,93.2,0.0,23.040482
0.70242915,84.4,0.047244,15.434886
0.99841017,87.8,0.0,15.434886
0.36190476,78.1,0.0,15.434886
0.82531312,76.3,0.047244,12.079476
0.47222223,65.3,0.0,36.014734
0.75294118,55.6,0.0,12.974252
0.46862745,73,0.0,20.579848
1.0346908,84.9,0.0,10.513618
0.42884251,91.4,0.0,15.434886
0.79665071,81,0.0,33.5541
0.99642857,82,0.0,7.605596
0.94087838,78.1,0.0,18.119214
0.57352941,84.2,0.047244,20.579848
0.36236559,82,0.27874,12.974252
0.88658009,72,0.070866,20.579848
1.13312693,69.8,0.023622,12.974252
0.99292149,86,0.0,7.605596
0.76089744,82,0.0,20.579848
0.71264367,93,0.047244,25.501116
0.77732558,88,0.27874,18.119214
0.71191554,80.6,0.0,38.475368
0.31018519,93,0.047244,25.501116
1.03889255,91,0.0,18.119214
0.74423204,81,0.0,18.119214
0.94256757,63,0.0,38.475368
0.31515151,89.1,0.0,12.974252
0.78125,79,0.092126,10.513618
0.36818687,68.2,0.0,25.501116
0.63686636,100,0.0,38.475368
0.85507246,79,0.023622,14.092722
1.0951417,79,0.0,25.501116
0.59703947,66.9,0.0,36.014734
0.79638009,88.7,0.092126,12.974252
0.67741935,82.9,0.0,12.974252
0.38181818,86,0.023622,25.501116
0.97123623,75,0.0,28.632832
1.30952381,68.7,0.0,16.553356
0.41843318,100.9,0.0,10.513618
0.52592593,82,0.0,15.434886
0.50990991,81,0.0,15.434886
1.03508772,83.3,0.0,20.579848
0.69666667,82,0.0,15.434886
0.65277778,89.1,0.047244,28.632832
0.60990712,82.9,0.092126,18.119214
0.49242424,82,0.0,20.579848
0.45416667,66,0.0,38.475368
0.81333333,84.2,0.0,25.501116
0.76739927,79.3,0.465355,15.434886
0.58974359,91.4,0.0,15.434886
1.11738351,75.9,0.0,36.014734
0.96140351,78.1,0.0,18.119214
1.18700265,84.2,0.0,25.501116
0.89215686,87.1,0.0,15.434886
0.53615128,82.9,0.0,20.579848
1.11928651,79.7,0.0,15.434886
1.0,100,0.0,18.119214
0.33806818,82,0.0,15.434886
0.79019608,73.4,0.0,23.040482
0.80075425,80.1,0.0,10.513618
0.73333333,87.1,0.0,23.040482
0.82193959,82.9,0.0,28.632832
1.47727273,88.3,0.0,18.119214
1.19421713,84.9,0.0,10.513618
0.84090909,73,0.0,10.513618
0.60483871,81,0.0,7.605596
0.46470588,87.1,0.0,25.501116
0.75757575,87.8,0.0,10.513618
1.11868687,100.9,0.0,28.632832
0.80596491,82.9,0.0,20.579848
0.49461207,73,0.0,10.513618
0.77798862,63,0.0,40.936002
0.81611722,84.2,0.0,20.579848
0.93902439,107.1,0.0,20.579848
0.89379085,87.1,0.0,20.579848
0.59967321,67.8,0.0,25.501116
0.7030303,64,0.0,31.093466
1.0123839,91.4,0.0,25.501116
1.06630824,84.9,0.0,8.052984
1.17222222,87.8,0.0,18.119214
0.56034483,75.2,0.27874,15.434886
0.85704125,84,0.0,20.579848
1.16625717,84.9,0.0,10.513618
1.07692308,80.1,0.0,7.605596
0.8030303,86,0.0,15.434886
0.93382353,72,0.0,12.526864
0.93966817,90.9,0.0,6.039738
0.48239148,85.8,0.0,12.974252
0.14048532,81,0.0,18.119214
0.6060606,86,0.0,10.513618
0.43230769,86.7,0.0,10.513618
1.11236803,102.9,0.092126,54.133948
0.82473119,77,0.0,23.040482
0.41515151,80.1,0.0,10.06623
0.87619047,88,0.0,25.501116
0.66666666,73.4,0.092126,18.119214
0.67463235,77,0.0,20.579848
0.74473684,86,0.0,10.513618
0.48294931,67.5,0.0,20.579848
0.78590785,75.9,0.0,2.013246
0.75289575,69.1,0.0,20.579848
0.77150538,86.7,0.0,10.513618
0.58998023,75.4,0.0,4.026492
0.45437788,75,0.0,20.579848
0.93087558,73.9,0.0,12.974252
0.51111111,86.5,0.0,23.040482
0.57352941,81,0.0,10.513618
0.5010453,73,0.0,15.434886
0.57272727,84,0.0,23.040482
0.63063063,81,0.0,18.119214
0.78781512,87.1,0.0,12.974252
0.88755981,60.1,0.0,20.579848
0.96581197,82.9,0.0,15.434886
0.74553571,90,0.0,23.040482
0.8911197,89.1,0.0,25.501116
0.81578947,77,0.047244,12.974252
0.69949495,86,0.13937,28.632832
0.66093366,91.4,0.0,28.632832
0.81272401,82,0.0,23.040482
0.78333333,77,0.0,7.605596
0.6950431,80.1,0.0,20.579848
0.71875,80.2,0.0,10.513618
0.72434017,78.1,0.0,23.040482
0.86458333,73.9,0.092126,6.039738
0.83589744,87.6,0.0,18.119214
1.0030426,74.8,0.0,7.605596
0.6722973,71.6,0.0,12.079476
0.46428572,73.9,0.0,7.605596
0.93055556,93.9,0.0,23.040482
0.775,93.2,0.0,31.093466
0.86969697,81.5,0.0,12.974252
0.68138528,77.4,0.092126,10.513618
0.84268884,79,0.0,33.5541
0.50244379,60.1,0.0,18.119214
0.61917563,84.7,0.0,12.974252
0.44919786,84,0.0,31.093466
0.29418103,89.1,0.0,33.5541
0.63558106,84,0.0,20.579848
0.76182432,78.1,0.0,25.501116
0.81818181,84.9,0.0,25.501116
0.89411765,88.7,0.0,36.014734
0.84077079,79,0.0,10.513618
0.64285714,87.1,0.0,28.632832
1.11071429,85.3,0.047244,18.119214
0.528463,90,0.0,25.501116
0.84250475,75,0.0,7.605596
0.94175627,89.2,0.0,7.605596
0.83030303,82.9,0.0,28.632832
0.60258065,93.2,0.0,31.093466
0.57619047,82,0.0,15.434886
0.46941046,72.9,0.0,21.922012
0.85144928,87.1,0.047244,10.513618
0.61312741,87.6,0.0,25.501116
1.04832105,60.1,0.0,12.974252
0.86189516,89.1,0.0,18.119214
0.6060606,81,0.0,7.605596
0.97532315,88,0.0,23.040482
0.96907994,91,0.0,20.579848
0.51923077,88,0.0,31.093466
1.04719562,82.4,0.0,10.513618
0.87837838,80.1,0.0,23.040482
0.69397994,88,0.0,31.093466
0.82770562,77,0.0,18.119214
0.93643264,91,0.0,28.632832
0.87410714,86.2,0.0,12.079476
0.78648649,91,0.0,28.632832
0.5625,65.7,0.0,38.475368
0.50909091,81,0.0,18.119214
0.75768872,98.6,0.047244,25.501116
0.95408895,87.1,0.0,15.434886
0.68432055,81,0.0,15.434886
0.32083333,84,0.0,15.434886
0.94771242,75,0.0,25.501116
0.84356725,88,0.0,31.093466
0.47575757,93.9,0.0,23.040482
0.75714286,89.4,0.0,7.605596
0.76944444,82,0.0,12.974252
0.75961538,87.1,0.0,20.579848
0.72136752,91.9,0.0,12.974252
0.64393939,84.9,0.0,7.605596
0.59141495,87.6,0.0,10.513618
0.37341153,60.4,0.0,20.579848
1.19310345,81,0.0,18.119214
0.9733871,85.3,0.0,10.513618
0.29642857,86,0.0,28.632832
1.01478197,87.1,0.0,15.434886
0.54509284,69.1,0.0,8.052984
1.35430917,88,0.0,15.434886
0.61175115,80.1,0.0,18.119214
0.56951871,97,0.0,12.974252
0.57518797,75,0.0,23.040482
1.08124253,69.1,0.0,8.052984
0.47857143,87.8,0.557481,20.579848
0.75714286,84.9,0.0,15.434886
0.89493087,98.1,0.0,20.579848
1.00079745,87.1,0.0,23.040482
1.11246612,82.9,0.0,23.040482
0.24507389,79,0.115748,20.579848
0.84375,75,0.0,20.579848
1.14177979,79,0.13937,31.093466
0.58741259,79,0.13937,31.093466
0.83223684,63.9,0.0,12.974252
0.30588235,86,0.0,10.513618
0.82357357,75.9,0.27874,46.528352
0.82536765,75.2,0.0,20.579848
0.43274854,71.2,0.27874,25.948504
0.75798319,96.8,0.0,12.079476
0.91544118,89.1,0.0,12.974252
0.80966073,102,0.0,12.974252
0.63063063,72,0.0,28.632832
0.75897436,89.6,0.047244,25.501116
0.50802139,81,0.0,10.513618
0.60858586,81,0.0,38.475368
0.67816092,84,0.0,15.434886
0.95138889,68,0.0,25.501116
0.69196429,75,0.0,18.119214
1.04489164,87.1,0.0,23.040482
0.86414566,66.7,0.023622,15.434886
0.96963825,78.1,0.0,15.434886
0.74357405,59.7,0.0,10.513618
0.53259142,86.4,0.047244,15.434886
0.62745098,78.1,0.0,25.501116
0.39354839,82,0.0,20.579848
0.69932432,73,0.0,18.119214
0.56220095,80.1,0.0,18.119214
1.2498352,60.6,0.0,25.501116
0.63959955,98.1,0.0,10.06623
0.85864661,88,0.0,23.040482
1.10893513,73.6,0.0,16.553356
0.64827586,68,0.0,12.974252
0.96756757,88.3,0.0,18.119214
0.50154799,80.1,0.0,18.119214
0.53274682,75,0.0,15.434886
0.43137255,75.9,0.186614,20.579848
0.40762463,87.3,0.0,15.434886
0.65625,96.8,0.0,20.579848
0.36818687,75,0.0,20.579848
0.48529412,85.6,0.0,33.5541
0.93392857,64.2,0.0,20.579848
0.87860781,69.8,0.047244,20.579848
0.90962838,77,0.0,25.501116
0.61149426,88,0.0,36.014734
0.81818182,77,0.27874,20.579848
0.58333333,66.9,0.023622,20.579848
0.29462365,104,0.0,25.501116
0.41875,87.1,0.092126,25.501116
0.98116299,82,0.0,25.501116
1.03821063,79.2,0.0,2.460634
0.54242424,84.9,0.0,23.040482
0.73333333,73,0.0,25.501116
0.50608519,70.3,0.0,28.632832
0.5225564,73.4,0.0,18.119214
0.62077922,89.1,0.0,36.014734
0.67095588,85.8,0.162992,20.579848
0.77056277,107.1,0.0,16.105968
0.77123552,70.2,0.0,23.040482
0.44015444,78.1,0.0,7.605596
0.69265233,80.8,0.0,12.974252
0.55436082,86,0.0,31.093466
0.73571428,75.9,0.0,12.974252
0.58455598,78.4,0.0,10.513618
0.76140351,109.9,0.0,12.974252
0.88831169,84.4,0.023622,28.632832
0.68694096,74.7,0.070866,23.040482
1.08421053,75.9,0.0,6.039738
0.67171717,66.9,0.0,36.014734
0.75686274,77,0.0,25.501116
0.56190476,87.8,0.0,10.513618
1.13346883,75.2,0.0,8.052984
0.91255961,77,0.0,18.119214
0.53743315,78.1,0.0,12.974252
0.98606811,75.2,0.0,20.579848
0.39475839,77,0.0,18.119214
0.58080808,82.9,0.27874,23.040482
0.42083333,76.6,0.0,15.434886
0.70036765,76.6,0.0,23.040482
0.43087121,111.9,0.0,10.513618
0.90988836,77,0.0,15.434886
0.7012987,80.1,0.092126,23.040482
1.04832105,77,0.0,16.105968
0.80882353,81,0.0,10.513618
0.50907258,87.8,0.0,10.513618
0.86666667,80.1,0.0,18.119214
0.76709956,82.4,0.0,23.040482
0.96785714,73,0.0,12.974252
0.60197368,81,0.0,15.434886
0.62280701,82,0.0,10.513618
0.73397436,63,0.0,38.475368
0.58823529,85.6,0.047244,2.460634
0.87878788,84,0.0,15.434886
1.18137255,89.6,0.0,20.579848
0.51034483,78.8,0.0,15.434886
0.68796068,81,0.0,12.974252
0.38482143,89.6,0.0,20.579848
0.8058968,80.1,0.0,2.013246
0.56964286,82.9,0.0,20.579848
0.99572649,82.9,0.0,18.119214
0.79761905,84.9,0.0,10.513618
0.58088235,84.2,0.0,28.632832
0.53174603,108,0.0,20.579848
0.64367816,86,0.023622,4.921268
1.20454545,78.8,0.0,23.040482
0.64723321,80.6,0.13937,10.513618
0.76386404,80.1,0.0,23.040482
0.5475382,69.1,0.0,28.632832
0.50555555,82.9,0.0,12.974252
0.78235294,82.9,0.0,12.974252
1.425,84.2,0.13937,10.513618
0.90132828,84.9,0.0,20.579848
0.88367546,89.1,0.0,23.040482
0.94883041,84.9,0.0,36.014734
0.70294118,70,0.0,15.434886
1.05595238,84.2,0.0,18.119214
1.05128205,82.9,0.0,10.513618
0.50244379,82.8,0.162992,23.040482
0.62732558,78.1,0.0,7.605596
0.78787878,77,0.0,14.092722
0.92153444,72,0.0,15.434886
0.62077922,74.1,0.047244,12.974252
0.74777183,89.6,0.0,33.5541
0.39338235,86.2,0.047244,28.632832
0.51666667,73.4,0.27874,12.974252
0.93484848,78.8,0.0,18.119214
1.18421053,66,0.0,33.5541
0.75,72,0.0,7.605596
0.89420849,81,0.0,7.605596
0.64082503,80.1,0.070866,7.605596
0.50982143,73.4,1.114961,10.513618
0.90803571,79,0.0,15.434886
1.25757576,84.9,0.047244,18.119214
0.87415541,87.1,0.0,18.119214
0.39285714,73.4,0.27874,12.974252
0.85520362,89.6,0.0,48.988986
1.21794871,89.6,0.0,10.513618
0.89473684,77,0.023622,20.579848
0.65913978,86,0.0,7.605596
0.46212121,86.9,0.836221,33.5541
0.98220172,81.3,0.0,12.974252
0.72365591,72,0.0,15.434886
0.81254404,71.1,1.114961,12.974252
0.73280423,82,0.0,12.974252
0.93055556,75.9,0.0,15.434886
0.91353383,86,0.0,25.501116
0.56964286,87.1,0.0,38.475368
0.50159489,68,0.0,23.040482
0.92105263,64.9,0.0,31.093466
0.6060606,86,0.0,23.040482
0.89444444,75,0.0,20.579848
1.15749129,90,0.070866,31.093466
0.59693878,93,0.0,31.093466
0.32311622,84.9,0.0,18.119214
0.65409483,87.6,0.162992,25.501116
0.85138248,77,0.0,28.632832
0.65320197,86,0.0,20.579848
0.83233082,87.1,0.115748,9.618842
0.83807588,63.3,0.0,36.014734
0.88193456,82.9,0.0,18.119214
0.71543779,87.6,0.162992,25.501116
0.45833333,88,0.0,15.434886
0.51981352,88,0.0,20.579848
0.83006536,75,0.0,23.040482
0.62463054,91.6,0.0,25.501116
0.96785714,91,0.0,7.605596
0.44464286,90,0.092126,25.501116
0.77293233,72.9,0.0,12.079476
0.74820788,89.6,0.0,38.475368
0.29177718,70,0.0,20.579848
0.79620563,81,0.0,18.119214
0.73149237,73.6,1.114961,10.513618
0.48529412,96.1,0.0,38.475368
0.66111111,86,0.0,18.119214
0.48529412,91,0.0,20.579848
1.35175203,88.5,0.0,19.908766
0.82905982,86,0.0,25.501116
1.18318319,61.5,0.0,18.119214
0.14285714,75.9,0.0,20.579848
0.62843489,82,0.0,33.5541
0.46464646,84.9,0.0,12.974252
0.68721804,86.9,1.114961,7.605596
0.26666666,86.4,0.0,38.475368
0.37878788,79,0.0,15.434886
0.4512987,71.1,1.114961,38.475368
0.33640553,84,0.0,31.093466
1.05263158,95,0.0,15.434886
0.73387097,89.1,0.0,18.119214
0.54050926,93.9,0.0,25.501116
0.26843318,91,0.0,21.922012
0.9163034,84,0.0,20.579848
0.98399015,84.2,1.114961,12.974252
0.8991228,91,0.047244,40.936002
0.81432748,92.8,0.0,10.513618
1.03885135,78.6,0.0,12.974252
1.05788177,84.2,1.114961,12.974252
0.73364055,63.9,0.0,2.460634
0.71492922,78.6,0.0,12.974252
0.54887218,90.7,0.0,15.434886
0.85898617,98.1,0.0,12.974252
1.10584416,86.5,0.0,36.014734
0.31754032,82,0.0,18.119214
0.67543859,82.6,2.022048,12.974252
0.6697479,84,0.0,15.434886
0.73099415,78.1,0.0,33.5541
0.62745098,89.1,0.0,15.434886
0.38104839,81,0.0,7.605596
0.40056818,93.9,0.0,18.119214
0.54780362,93.9,0.0,31.093466
0.87032967,63.9,0.0,23.040482
0.86071429,95,0.0,15.434886
1.07647059,78.6,0.0,8.052984
0.62908497,80.6,0.0,10.513618
0.88176034,72.7,0.0,20.579848
1.49641148,88.2,0.0,16.105968
0.67619047,80.1,0.0,20.579848
1.36117216,79,0.0,18.119214
0.5199241,59.7,0.0,23.040482
0.42810457,88.2,0.0,12.974252
0.39507154,88,0.0,25.501116
0.87191651,87.1,0.0,28.632832
1.17374517,93,0.0,18.119214
0.77598566,78.1,0.0,15.434886
1.26666667,84,0.0,33.5541
0.59893048,83.8,0.047244,20.579848
0.35230769,79,0.0,18.119214
0.72635135,84,0.0,15.434886
1.03853046,82,0.0,4.026492
0.61300309,81,0.0,7.605596
0.77896613,84.4,0.325984,20.579848
0.89772727,87.8,0.0,10.513618
0.31754032,73.9,0.0,10.513618
0.65,96.1,0.0,10.513618
0.07142858,77,0.0,18.119214
0.78018576,73.9,0.0,18.119214
0.76363636,82.6,0.0,7.605596
0.48088235,81,0.0,18.119214
0.66872587,84,0.0,18.119214
0.65396341,86,0.0,10.513618
0.66911765,86,0.0,18.119214
0.62768031,84,0.0,36.014734
0.72474747,60.3,0.0,20.579848
0.86348684,79.3,0.0,4.026492
1.03333333,84,0.0,28.632832
0.70982143,79,0.0,12.974252
1.18096357,79,0.0,7.605596
0.92105263,84,0.0,20.579848
1.1006006,68,0.0,18.119214
0.50439883,85.1,0.023622,18.119214
0.92540323,89.6,0.0,15.434886
0.63027296,75.9,0.0,14.092722
1.23333333,82,1.114961,25.501116
0.80824373,74.1,0.0,18.119214
0.51520738,80.1,0.092126,20.579848
0.49337121,75.2,0.557481,18.119214
0.99699248,80.6,0.13937,51.44962
0.76223776,77,0.0,10.513618
0.5247678,81,0.0,7.605596
0.33491461,82.9,0.0,7.605596
0.95356037,76.1,0.0,18.119214
0.79447004,77,0.0,10.513618
1.05438596,86,0.0,7.605596
0.33147942,86.4,0.047244,25.501116
0.62619047,62.1,0.0,20.579848
0.39047619,88,0.0,31.093466
0.93741109,88,0.0,15.434886
0.7204301,81,0.255118,15.434886
0.91025641,77,0.0,10.513618
0.71458333,93,0.0,20.579848
0.81499202,79,1.114961,25.501116
1.04264706,85.5,0.0,28.632832
0.95417591,93,0.465355,28.632832
0.60089286,89.1,0.0,18.119214
0.65535714,78.4,0.0,10.513618
0.48387097,82,0.0,10.513618
0.69032258,87.1,0.0,15.434886
0.43956639,62.8,0.0,18.119214
0.79314565,86.4,0.0,25.501116
0.62834224,78.8,0.557481,20.579848
0.94718615,87.8,0.0,36.014734
1.06666667,73,0.0,10.513618
0.61801802,80.1,0.0,18.119214
0.6076555,82,0.0,12.974252
0.72002033,88,0.0,25.501116
0.70571096,91.4,0.0,20.579848
0.87272727,84.9,0.0,14.54011
0.57603687,73.9,0.0,7.605596
0.74504505,91,0.0,12.974252
0.66834677,95,0.0,23.040482
0.97285067,84.9,0.0,10.513618
1.03062961,82.9,0.0,15.434886
0.66785714,79.3,0.0,7.605596
0.85529954,84,0.0,7.605596
0.5530303,88,0.0,18.119214
0.48541667,79.3,0.0,2.460634
0.76470588,87.1,0.0,15.434886
0.40266963,75.7,0.0,12.974252
0.56078432,66,0.0,28.632832
0.58761988,78.8,0.0,7.605596
0.48455598,90,0.27874,20.579848
1.15785907,75.2,0.0,46.528352
0.31034482,80.6,0.0,4.921268
0.95413596,77.7,0.0,2.013246
0.61111111,84.9,0.0,15.434886
0.61520738,73,0.0,18.119214
1.08841463,80.1,0.0,6.039738
1.35700817,89.6,0.0,23.040482
0.44137931,73.9,0.0,7.605596
1.05724509,82,0.0,12.974252
0.44242424,76.5,0.0,16.105968
0.87191651,75,0.0,10.513618
0.90779014,90,0.0,15.434886
0.63233082,66,0.0,28.632832
0.85057471,88,0.0,10.513618
0.40656565,73.9,0.0,18.119214
0.74856674,81,0.0,18.119214
0.925,78.6,0.023622,12.974252
1.21804511,89.6,0.0,25.501116
0.67095588,66.2,0.162992,25.501116
0.71494253,80.6,0.0,18.119214
0.83333333,83.3,0.0,12.974252
0.62432432,86,0.0,31.093466
0.24285714,79.7,0.0,7.605596
1.0535445,80.1,0.0,7.605596
0.86175115,90,0.0,12.974252
0.70551258,89.6,0.0,36.014734
0.69949495,73.9,0.0,20.579848
0.59821429,78.8,0.0,12.974252
1.1,70.3,0.0,23.040482
0.6491228,87.8,0.0,12.974252
0.66056034,82.9,0.0,10.513618
0.93966817,90,0.0,20.579848
0.42884251,74.7,0.0,18.119214
0.70833333,77.7,0.0,8.052984
0.4056696,71.1,0.0,15.434886
0.84712838,88,0.0,12.974252
0.59803921,66.9,0.0,33.5541
0.87412588,86,0.047244,23.040482
0.58851674,91.4,0.0,20.579848
0.84712838,86.2,0.0,18.119214
0.54746544,90.7,0.0,15.434886
0.79186603,71.4,0.370866,16.105968
0.61837121,66,0.0,33.5541
0.42688172,84.2,0.0,7.605596
1.04984094,91.8,0.0,12.974252
0.66470588,86,0.0,10.513618
0.60829494,91,0.0,18.119214
0.48333333,73.9,0.0,23.040482
0.9894958,86,0.0,10.513618
0.42884251,90,0.0,12.974252
0.65309201,87.1,0.0,7.605596
0.87837838,72.1,0.047244,15.434886
0.57189543,64.9,0.0,36.014734
0.6879085,82.4,0.0,28.632832
1.18970588,87.1,0.0,12.079476
0.63260135,89.6,0.27874,28.632832
0.43087121,90,0.0,23.040482
0.52184874,87.1,0.0,20.579848
0.55727554,69.1,0.115748,20.579848
0.68403548,79.9,0.720473,12.974252
1.02782194,80.1,0.0,7.605596
0.63305322,91.9,0.0,18.119214
0.34773013,75.9,0.0,25.501116
1.03989813,89.1,0.0,10.513618
0.69195046,89.1,0.0,25.501116
0.59014778,78.3,0.0,10.513618
1.06410256,79.9,0.720473,12.974252
0.63888889,80.6,0.0,28.632832
0.93913904,89.2,0.0,8.052984
0.74673203,91,0.0,15.434886
0.82936508,83.8,0.0,36.014734
0.86363636,93.2,0.0,12.974252
1.00432901,91.2,0.0,10.06623
0.81904762,68,0.0,23.040482
1.14011628,84,0.0,10.513618
0.77828055,72,0.0,31.093466
0.75743243,78.8,0.557481,7.605596
0.79266347,88,0.0,28.632832
0.33370411,78.1,0.0,25.501116
0.68095238,72.3,0.0,18.119214
1.15508365,82.9,0.0,7.605596
0.79447004,85.8,0.0,25.501116
1.11829837,86.7,0.0,7.605596
0.66409267,90,0.0,28.632832
0.46129032,78.8,0.27874,8.052984
0.83717949,91.4,0.0,25.501116
0.58049535,78.1,0.0,33.5541
0.73161765,84,0.0,23.040482
0.77896613,87.8,0.092126,18.119214
0.25625,88,0.0,15.434886
0.76542553,84,0.092126,15.434886
0.60336342,68,0.0,10.513618
0.55502846,85.1,0.0,23.040482
0.72995391,73.9,0.092126,15.434886
0.78801169,83.5,0.092126,10.513618
0.54545454,78.1,0.0,12.079476
0.61290322,82,0.0,7.605596
1.13414634,81.1,0.0,12.974252
0.67543859,81,0.0,12.974252
0.59803921,75.9,0.0,31.093466
0.60035843,79.5,0.0,25.501116
0.39116379,89.6,0.0,20.579848
0.7989418,73.9,0.0,7.605596
0.71794871,84,0.092126,10.513618
0.90540541,85.5,0.0,23.040482
0.95989305,72,0.0,25.501116
1.06136364,75,0.0,23.040482
0.34150326,89.1,0.0,20.579848
0.50982143,87.8,0.0,20.579848
0.46926407,86.5,0.0,20.579848
0.42884251,80.1,0.0,12.974252
1.09640523,71.1,0.0,25.501116
0.71594982,73.9,0.0,10.513618
0.69924812,75,0.0,18.119214
0.64920635,68,0.0,33.5541
0.92105263,79,0.0,10.513618
0.50222222,85.5,0.0,12.974252
1.16507177,82.4,0.023622,15.434886
0.50891265,80.1,0.0,33.5541
0.95,81.7,0.0,4.921268
0.5,90,0.0,36.014734
0.63137255,77,0.0,18.119214
0.49242424,77,0.0,12.974252
1.02725968,73.9,0.0,15.434886
1.25407926,80.2,0.0,12.974252
0.30588235,71.1,0.0,12.079476
0.91086587,86,0.0,25.501116
1.09890109,86.4,0.0,20.579848
0.93686869,75.9,0.0,10.513618
1.00952381,73,0.0,10.513618
0.71568627,82,0.092126,15.434886
0.97849462,91.4,0.0,8.052984
0.66420966,61,0.0,12.974252
0.325,77,0.092126,7.605596
0.61764706,82.9,0.0,15.434886
0.47860962,62.1,0.0,31.093466
0.79924242,88,0.0,20.579848
0.62321145,102,0.0,10.513618
0.77180527,82.4,0.0,40.936002
0.91511387,82,0.023622,25.501116
0.47575757,80.1,0.047244,23.040482
0.25625,82,0.27874,25.501116
0.66420966,75.2,0.0,20.579848
0.69359605,72,0.0,7.605596
0.73571428,95,0.0,12.974252
0.61666667,75.9,0.0,10.513618
0.83155248,84,0.023622,2.460634
0.63387424,62.1,0.0,12.974252
0.66915191,87.1,0.0,31.093466
0.77687627,75.9,0.0,28.632832
0.74003189,61.3,0.0,28.632832
0.87134503,77,0.0,33.5541
0.66543779,75,0.0,18.119214
0.73958333,77,1.114961,31.093466
0.68627451,60.3,0.0,18.119214
0.71785714,96.8,0.047244,18.119214
1.44454799,79,0.0,28.632832
0.98606811,78.1,0.0,28.632832
1.02711324,72.3,0.0,23.040482
0.36538462,66.9,0.0,20.579848
0.45804196,82.9,0.0,25.501116
0.88235294,73.4,0.0,18.119214
0.32258065,75,0.0,18.119214
0.25892857,77,0.0,15.434886
0.74712643,79,0.0,28.632832
0.81024668,73.9,0.0,12.974252
0.97727273,93,0.0,18.119214
0.37341153,87.1,0.0,33.5541
0.63865547,77,0.0,7.605596
0.64242424,60.4,0.0,20.579848
0.45751634,82,0.0,18.119214
0.90903098,79,0.0,20.579848
0.85007422,71.6,0.0,23.040482
0.66666666,75.9,0.0,40.936002
0.83082707,80.1,0.0,23.040482
0.65686274,80.1,0.0,15.434886
1.01547987,69.8,0.0,12.974252
0.51612904,87.1,0.0,28.632832
0.61609907,77.7,0.0,20.579848
0.64167393,71.1,0.0,23.040482
0.88888889,81.1,0.162992,4.921268
0.68663595,77,0.0,18.119214
0.53055556,72,0.0,15.434886
0.55809524,59.4,0.0,20.579848
1.1199095,72.1,0.0,12.079476
0.82330827,84.9,0.047244,12.974252
1.05734767,71.6,0.0,36.014734
0.58055556,98.1,0.0,18.119214
0.82936508,77,0.0,15.434886
0.66666666,70.7,0.0,28.632832
0.63138138,63.3,0.0,2.460634
0.78160919,69.4,0.0,20.579848
1.36077939,84.9,0.27874,20.579848
0.48663595,75.9,0.0,7.605596
0.92598684,78.1,0.047244,15.434886
1.11666667,81,0.0,18.119214
0.9,78.3,0.0,12.974252
0.98418973,78.3,0.0,12.974252
0.76428571,75.9,0.0,25.501116
1.00957855,80.6,0.0,10.513618
1.28090575,71.6,0.0,18.119214
0.62580645,89.1,0.0,25.501116
0.59482759,82.4,0.023622,15.434886
0.98754579,102.9,0.0,15.434886
0.81919851,75.9,0.0,10.06623
0.86532508,72.9,0.0,12.974252
0.67132867,76.8,0.092126,8.052984
0.32291667,80.8,0.070866,4.921268
0.2718894,84.2,0.0,12.974252
0.50242551,105.1,0.0,20.579848
0.72381635,73,0.0,8.052984
0.89890109,87.1,0.0,15.434886
1.11753615,81.3,0.0,23.040482
0.75115208,73,0.0,12.974252
1.05357143,79.7,0.0,36.014734
0.93636364,70.7,0.0,21.922012
0.42279412,80.1,0.0,15.434886
0.71804511,91,0.0,20.579848
0.63888889,81,0.0,15.434886
1.0632828,78.8,0.0,38.475368
0.99915541,67.3,0.0,4.921268
0.41875,78.1,0.0,20.579848
0.9789916,79.5,0.0,21.922012
0.59375,72,0.0,25.501116
1.08346973,89.6,0.0,23.040482
0.33333334,80.1,0.0,20.579848
0.39393939,84,0.0,10.513618
0.96911197,84.6,0.0,15.434886
0.41800356,70,0.0,33.5541
0.62834224,75,0.0,23.040482
0.84343434,75,0.0,15.434886
0.85850556,91.4,0.0,18.119214
0.56862745,84,0.0,15.434886
0.92777778,75.7,0.0,23.040482
0.55821371,86,0.0,40.936002
0.49803921,71.1,0.0,31.093466
0.47058824,75.9,0.0,8.052984
0.74285714,73.9,0.186614,7.605596
0.67567568,82.4,0.0,12.974252
0.6084724,84.9,0.070866,10.513618
0.85833333,87.8,0.0,15.434886
0.79411765,84.4,0.0,15.434886
0.34545454,77,0.0,15.434886
1.00079745,82.6,0.186614,7.605596
0.59379968,86,0.0,12.974252
0.84924242,78.1,0.0,31.093466
0.33986175,102.9,0.0,12.974252
0.99114064,76.1,0.0,14.092722
0.77777777,84.2,0.0,10.513618
0.67692308,75,0.0,31.093466
0.73873874,84.2,0.0,12.974252
0.67132867,81.9,0.092126,18.119214
0.94444444,89.6,0.0,23.040482
0.71347249,78.1,0.0,20.579848
0.50048876,68,0.0,7.605596
0.64791667,78.1,0.0,31.988242
0.73958333,70.7,0.0,23.040482
0.07142858,77,0.0,23.040482
0.6003276,78.1,0.0,8.052984
0.77991453,104,0.0,10.513618
0.50439883,68.7,0.0,28.632832
0.85800866,70,0.0,31.093466
0.64932432,83.1,0.047244,7.605596
1.03603603,80.2,0.0,31.093466
1.01973684,68,0.0,38.475368
0.54779412,73.9,0.0,12.974252
0.87878788,69.1,0.047244,10.06623
0.60267857,66,0.0,38.475368
0.61149426,88.5,0.047244,4.921268
0.59482759,77,0.0,12.974252
0.31556949,78.6,0.0,4.026492
0.66385135,80.6,0.0,10.513618
0.44242424,80.1,0.0,12.974252
0.68432055,73.9,0.0,31.093466
0.9125,64.9,0.0,20.579848
0.34001743,73,0.0,7.605596
0.68461538,74.5,0.0,16.105968
1.17431851,75,0.0,25.501116
0.61072261,81,0.0,7.605596
0.90984848,75,0.0,28.632832
0.56428571,80.1,0.0,23.040482
0.79861111,70,0.0,18.119214
1.0018856,86,0.0,25.501116
0.43333333,74.5,0.0,16.105968
0.92954545,66,0.0,33.5541
1.07032967,75,0.0,12.974252
0.72432432,79.9,0.0,20.579848
1.17777778,73.9,0.0,12.974252
0.96291641,78.1,0.0,25.501116
0.03571429,80.1,0.0,36.014734
0.56578947,84.2,0.0,25.501116
0.66842105,80.6,0.0,7.605596
0.35080645,81,0.0,23.040482
1.08467742,84.9,0.0,12.974252
0.97448166,78.1,0.0,23.040482
0.67424242,70,0.0,7.605596
0.58753316,78.3,0.0,10.513618
1.241453,78.3,0.0,10.513618
0.9020979,79.9,0.0,20.579848
0.91494436,66.9,0.0,28.632832
0.58333333,79,0.0,10.513618
0.89166667,73,0.0,20.579848
0.82120582,78.1,0.0,17.000744
0.97836538,84,0.0,28.632832
0.74820788,82.4,0.023622,25.501116
0.51732378,80.1,0.0,28.632832
0.61015561,64.9,0.0,7.605596
0.87678571,81.9,0.0,10.513618
0.36507936,82.9,0.0,23.040482
0.80375939,84.6,0.0,15.434886
1.0554177,73,0.0,12.974252
0.29462365,84.9,0.0,10.513618
0.56034483,78.1,0.0,17.000744
0.81408308,82.9,0.0,15.434886
0.56021506,69.1,0.0,31.093466
0.5,71.1,0.0,12.974252
0.61111111,84,0.0,33.5541
0.57026144,86,0.0,15.434886
0.93966817,72,0.0,14.092722
0.49652778,82.9,0.0,31.093466
0.74509804,66.9,0.0,12.974252
1.07738095,68,0.0,4.921268
1.05208333,64.8,0.0,12.974252
0.13793104,87.3,0.0,15.434886
0.67777778,82,0.0,15.434886
0.98461538,72,0.0,31.093466
0.53189792,83.8,0.0,10.513618
0.96515152,58.5,0.0,25.501116
1.04662841,85.6,0.0,15.434886
0.38405797,72,0.0,31.093466
0.74661654,84.2,0.0,7.605596
1.12205882,82.2,0.0,31.093466
0.66078432,84,0.0,15.434886
0.60389611,77,0.0,20.579848
1.11470007,75,0.0,31.093466
0.34121622,87.1,0.0,25.501116
0.99651264,71.1,0.0,15.434886
0.91397849,77,0.0,36.014734
0.72794118,81,0.0,25.501116
0.54675716,70,0.0,15.434886
0.27126436,71.6,0.0,4.921268
0.38205645,86,0.0,20.579848
1.03250774,68,0.0,7.605596
0.94718615,87.1,0.0,36.014734
0.70634038,77,0.0,12.974252
0.41515151,75,0.0,23.040482
1.08088235,57.7,0.0,31.093466
0.62251082,85.5,0.0,15.434886
0.93772703,84.7,0.0,25.501116
0.72689076,70,0.0,23.040482
0.75291375,69.1,0.092126,12.974252
0.69094247,71.2,0.27874,18.119214
1.00297619,82,0.0,18.119214
0.43684211,62.1,0.0,10.513618
0.85365854,82,0.0,20.579848
0.67272727,64.4,0.0,7.605596
0.86148649,57.9,0.0,23.040482
0.51152074,87.8,0.0,20.579848
0.62745098,72.3,0.0,13.42164
0.82665424,84,0.27874,15.434886
1.15166394,75,0.0,25.501116
0.71578947,86,0.0,31.093466
0.65904366,74.7,0.27874,23.040482
0.44464286,75.9,0.0,10.513618
0.45588235,81.3,0.070866,28.632832
0.77258065,73.6,0.13937,28.632832
0.57603687,81,0.0,4.026492
0.99647474,60.1,0.0,28.632832
0.72026578,82,0.047244,12.974252
0.7413273,88,0.092126,6.039738
0.53333333,71.6,0.0,18.119214
0.70555556,71.1,0.0,18.119214
0.63931888,75,0.0,20.579848
0.50806452,87.8,0.0,15.434886
1.12581699,73.9,0.0,17.224438
1.01323529,64.9,0.0,16.105968
0.56862745,89.6,0.0,18.119214
0.90084836,80.8,0.047244,2.013246
0.88095238,84.9,0.0,10.513618
0.30550285,86,0.0,6.039738
0.99256757,69.6,0.0,8.052984
0.51731601,62.6,0.0,15.434886
0.55492424,84.6,0.023622,12.974252
0.82010135,80.1,0.0,14.763804
0.91758241,88,0.0,12.974252
0.58294931,87.1,0.0,7.605596
0.66807432,82.9,0.023622,20.579848
0.75743243,82.4,0.0,18.119214
1.01857585,66.7,0.0,23.040482
0.59553571,83.5,0.0,7.605596
0.64326376,93.2,0.0,20.579848
0.58151261,84.9,0.0,18.119214
0.86140351,73.4,0.0,20.579848
0.46386555,73,0.0,18.119214
0.31527093,65.5,0.0,20.579848
0.7030303,77,0.0,4.026492
0.87837838,66.2,0.0,18.119214
0.97448166,87.8,0.047244,18.119214
0.63636363,82.6,0.0,4.921268
0.26236559,84.9,0.0,20.579848
0.50714286,91.4,0.0,8.052984
0.87626263,66.4,0.0,8.052984
0.63636363,73,0.0,8.500372
0.72381635,84.4,0.070866,15.434886
0.84595959,73.9,0.27874,20.579848
0.38699691,73,0.0,15.434886
0.48160173,84.9,0.023622,25.501116
0.77056277,82,0.13937,7.605596
0.65367965,71.4,0.0,20.579848
0.39732143,80.1,0.023622,25.501116
1.01041667,80.1,0.27874,15.434886
0.52367424,79,0.0,23.040482
1.12891986,72,0.092126,23.040482
0.28528226,73.9,0.0,28.632832
0.55494506,84,0.0,31.093466
0.83947584,96.1,0.0,15.434886
0.625,84,0.0,31.093466
0.72320597,70,0.0,20.803542
0.47926268,78.1,0.0,7.605596
0.80982906,84.4,0.023622,7.605596
0.44367816,73.9,0.0,31.093466
0.95902354,68.7,0.0,10.06623
0.81244882,90,0.0,15.434886
0.5256167,83.1,0.115748,7.605596
1.04318489,79,0.0,15.434886
0.6215307,88,0.0,18.119214
0.67715618,64.4,0.0,20.579848
0.98717949,73.9,0.092126,20.579848
0.6965812,79,0.092126,15.434886
0.41666667,63,0.0,23.040482
0.73333333,73,0.13937,2.013246
0.67424242,82,0.0,20.579848
0.94610389,63.7,0.0,31.093466
0.63839286,70,0.0,23.040482
0.57432432,100,0.0,15.434886
1.01658986,73,0.0,18.119214
0.52987013,61,0.0,48.988986
0.52462121,100.9,0.0,18.119214
0.83001422,78.1,0.27874,10.513618
0.62987737,84,0.0,15.434886
1.18175676,75,0.0,23.935258
0.95781147,77,0.0,12.974252
0.90988836,86,0.0,20.579848
0.95813397,79,0.0,18.119214
0.78035714,79,0.0,31.093466
0.44657258,60.3,0.0,46.528352
0.45416667,68,0.0,23.040482
0.88927638,75.9,0.0,28.185444
0.63478819,75.2,0.0,15.434886
0.75806452,70.7,0.0,15.434886
0.51633987,75.9,0.0,10.513618
0.75696594,63.3,0.0,12.974252
0.88142857,53.1,0.0,36.014734
1.06293707,71.1,0.0,12.974252
0.84268126,71.1,0.0,18.119214
1.10504202,66.9,0.186614,12.974252
0.7625,71.1,0.0,23.040482
0.63333333,64.9,0.0,12.974252
0.9137931,53.1,0.0,36.014734
0.95207373,93.9,0.0,23.040482
0.78571429,80.1,0.0,15.434886
0.97448166,72,0.0,28.632832
0.90034844,88,0.0,12.974252
0.96296296,76.6,0.325984,25.501116
0.24137931,68,0.0,18.119214
0.65864661,73.6,0.0,4.921268
0.46875,71.1,0.0,25.501116
0.67272727,62.1,0.0,18.119214
1.01904762,64.9,0.0,23.040482
0.83653846,67.8,0.162992,38.922756
0.96531166,73,0.0,20.579848
0.62348178,68.9,0.0,10.06623
0.46394687,88,0.0,12.974252
0.78148148,67.8,0.162992,38.922756
0.63697318,72,0.0,15.434886
0.66807432,75.4,0.0,18.119214
0.95321637,86,0.0,10.513618
1.0165426,69.1,0.0,20.579848
0.96650718,67.6,0.0,10.513618
0.66710526,84.2,0.0,12.974252
0.65262321,67.5,0.0,10.06623
0.83982203,73.9,0.0,7.605596
0.83619983,93,0.0,18.119214
0.73387097,63,0.0,33.5541
0.48717948,66,0.0,25.501116
0.62648557,63,0.0,28.632832
1.09459459,75.9,0.0,19.01399
0.86875,64,0.0,28.632832
0.42063492,68,0.0,15.434886
0.91176471,75,0.0,10.513618
0.85678549,70,0.0,12.974252
0.64022436,69.6,0.0,40.041226
0.46212121,73,0.0,28.632832
0.47181467,71.1,0.0,7.605596
0.58333333,84,1.114961,20.579848
0.71826371,79,0.0,12.974252
0.65864661,69.8,0.0,25.948504
0.38181818,70,0.0,18.119214
0.4375,75,0.0,20.579848
0.73863636,81,0.0,25.501116
0.65309201,63,0.0,40.936002
1.18969299,73,0.0,23.040482
0.78423773,69.1,0.0,18.119214
0.69487909,70,0.0,10.513618
0.38235294,84.2,0.0,18.119214
0.66915191,74.5,0.0,18.119214
1.28844115,79,0.0,31.093466
0.93343653,78.1,0.0,16.105968
1.01994852,59,0.070866,20.579848
0.64285715,84.2,0.0,23.040482
0.88131313,82,0.0,10.513618
0.74242424,86,0.0,25.501116
0.69852941,78.6,0.0,10.513618
0.84712838,57.9,0.0,28.632832
0.63839286,79,0.0,18.119214
1.20230263,65.7,0.0,15.434886
0.86111111,73,0.0,12.974252
0.81402439,67.5,0.0,20.579848
0.37857143,80.4,0.0,12.974252
0.75852534,87.8,0.0,25.501116
0.95207373,75.2,0.0,38.475368
0.50806452,73,0.092126,18.119214
0.81912442,73,0.092126,18.119214
1.04044118,87.1,0.0,8.052984
0.69265233,73.4,0.27874,38.475368
0.35005224,60.8,0.0,25.501116
0.65128205,66,0.0,14.092722
1.07226108,81,0.047244,15.434886
0.61111111,69.1,0.0,7.605596
1.30128205,70,0.0,14.092722
0.68768473,82,0.0,18.119214
0.71347249,65.7,0.0,10.513618
0.39522059,69.6,0.0,18.119214
0.55787477,57.9,0.0,7.605596
0.82202112,83.8,0.0,10.513618
1.05980066,53.6,0.047244,25.501116
0.60294118,66.9,0.0,18.119214
0.72727272,68,0.0,18.119214
0.52777778,87.8,0.0,20.579848
0.25625,80.6,0.0,18.119214
1.0,66.2,0.0,31.093466
0.36160714,82.9,0.0,15.434886
0.67690058,59,0.0,10.513618
0.99011206,77,0.0,12.974252
0.74288425,68.9,0.0,23.040482
0.79411765,79.3,0.0,7.605596
1.21517857,79,0.0,12.974252
0.45,66.9,0.0,10.513618
0.62473119,80.6,0.0,18.119214
0.79491256,75.2,0.0,15.434886
0.95486111,87.8,0.070866,23.040482
1.18467742,64.9,0.0,15.434886
0.63063063,79,0.047244,20.579848
0.67777777,73,0.047244,6.039738
0.93589744,69.1,0.0,2.013246
0.59553571,80.8,0.047244,10.513618
1.04152047,77,0.0,20.579848
0.61904762,73.4,0.0,18.119214
0.97837838,62.6,0.0,4.921268
0.88636364,77,0.047244,12.974252
0.82582583,88,0.0,12.974252
0.85156795,72.3,0.0,4.026492
0.85285286,73.4,0.0,6.039738
0.8126935,78.1,0.047244,12.974252
0.95413596,78.1,0.0,7.605596
0.99741603,70.3,0.0,4.921268
0.55555556,63,0.0,16.553356
0.70714286,80.6,0.0,15.434886
0.56470588,59,0.0,12.974252
0.94819159,80.1,0.0,16.105968
1.11732186,73,0.0,15.434886
0.73161765,70.7,0.27874,18.119214
1.20512821,64.4,0.0,7.605596
0.8375,64.9,0.0,10.513618
1.12520326,90,0.0,7.605596
0.6087963,83.5,0.0,33.5541
0.38518519,71.1,0.047244,10.513618
0.48125,72,0.0,19.908766
0.42380953,74.7,0.0,18.119214
1.17251462,78.8,0.0,20.579848
0.87837838,78.4,0.0,10.513618
0.92153444,79.7,0.0,6.934514
0.7745098,73,1.114961,7.605596
0.56059285,75.7,0.0,7.605596
1.13461538,82.4,0.023622,20.579848
0.60150376,75.9,0.0,18.119214
0.67777778,70,0.0,12.974252
0.70411568,73.4,0.27874,7.605596
0.70574162,93,0.0,15.434886
0.92540793,81,0.0,10.513618
0.38148148,73.9,0.0,11.632088
0.61324787,57,0.0,7.605596
0.69696969,79.2,0.0,10.513618
0.73214286,71.1,0.047244,10.513618
1.1533101,62.6,0.047244,28.632832
0.68125,83.1,0.0,23.040482
0.28528226,82.4,0.0,20.579848
0.66873065,68.7,0.27874,4.026492
0.85454545,75.9,0.0,15.434886
