Game,Team,OPS,Temp,Rain,Wind
2021-04-01,COL,0.76842105,,,
2021-04-01,SEA,0.59883721,,,
2021-04-01,KCR,1.13157895,,,
2021-04-01,MIA,0.22903226,,,
2021-04-01,MIL,0.64090909,,,
2021-04-01,PHI,0.63888889,,,
2021-04-01,CIN,0.94906743,,,
2021-04-01,DET,0.58571429,,,
2021-04-01,OAK,0.55238096,,,
2021-04-01,SDP,1.00400641,,,
2021-04-01,NYY,0.54982579,,,
2021-04-01,LAA,0.59411765,,,
2021-04-01,CHC,0.33566433,,,
2021-04-02,MIA,0.72222222,,,
2021-04-02,BOS,0.23248054,,,
2021-04-02,SDP,0.98015873,,,
2021-04-02,OAK,0.75757575,,,
2021-04-02,LAA,0.81071429,,,
2021-04-02,COL,0.84169884,,,
2021-04-02,SEA,0.57603687,,,
2021-04-03,MIL,0.13571429,,,
2021-04-03,DET,0.80098684,,,
2021-04-03,SEA,0.90417457,,,
2021-04-03,PHI,0.75555556,,,
2021-04-03,MIA,1.19523809,,,
2021-04-03,BOS,0.51269451,,,
2021-04-03,LAA,0.73852813,,,
2021-04-03,CIN,0.98188153,,,
2021-04-03,NYY,0.84320558,,,
2021-04-03,SDP,0.84738676,,,
2021-04-03,CHC,0.7249104,,,
2021-04-03,OAK,0.36059114,,,
2021-04-03,COL,0.77027027,,,
2021-04-03,KCR,1.13928571,,,
2021-04-04,OAK,0.4398827,,,
2021-04-04,PHI,0.7,,,
2021-04-04,MIL,0.50347222,,,
2021-04-04,COL,0.37536657,,,
2021-04-04,DET,0.46296297,,,
2021-04-04,CHC,0.55337691,,,
2021-04-04,NYY,0.43792766,,,
2021-04-04,LAA,0.97575758,,,
2021-04-04,CIN,0.88838612,,,
2021-04-04,SDP,0.62828947,,,
2021-04-04,BOS,0.57232143,,,
2021-04-04,KCR,0.58333333,,,
2021-04-05,BOS,1.10230352,,,
2021-04-05,SEA,0.41666667,,,
2021-04-05,PHI,0.59939148,,,
2021-04-05,NYY,0.78777589,,,
2021-04-05,OAK,0.52786377,,,
2021-04-05,DET,0.74324324,,,
2021-04-05,LAA,0.77259684,,,
2021-04-05,MIA,0.42211982,,,
2021-04-05,CLE,0.36160714,,,
2021-04-05,CHC,0.94212963,,,
2021-04-05,SDP,0.60278746,,,
2021-04-05,CIN,0.82695374,,,
2021-04-05,TEX,0.41607143,,,
2021-04-06,SEA,0.5972973,,,
2021-04-06,LAA,0.58617424,,,
2021-04-06,PHI,0.74686882,,,
2021-04-06,OAK,0.45588235,,,
2021-04-06,MIA,0.6,,,
2021-04-06,WSN,0.79638009,,,
2021-04-06,COL,0.80319149,,,
2021-04-06,CIN,1.15742397,,,
2021-04-06,CHC,0.30580645,,,
2021-04-06,DET,0.72344437,,,
2021-04-06,SDP,0.70189099,,,
2021-04-06,TEX,1.06839827,,,
2021-04-06,NYY,0.9984917,,,
2021-04-06,BOS,0.72348485,,,
2021-04-07,SDP,0.4515873,,,
2021-04-07,BOS,0.91969112,,,
2021-04-07,OAK,0.56575683,,,
2021-04-07,WSN,0.947479,,,
2021-04-07,SEA,0.66385135,,,
2021-04-07,CLE,0.77514231,,,
2021-04-07,CHC,0.37100737,,,
2021-04-07,WSN,0.33636364,,,
2021-04-07,CIN,1.22750424,,,
2021-04-07,NYY,0.68217054,,,
2021-04-07,TEX,0.64772727,,,
2021-04-07,PHI,1.06539075,,,
2021-04-07,MIA,0.37322515,,,
2021-04-07,DET,0.7328629,,,
2021-04-07,COL,0.90988836,,,
2021-04-08,BAL,0.50980392,,,
2021-04-08,STL,0.62931034,,,
2021-04-08,PIT,0.61458333,,,
2021-04-08,CHW,0.96943973,,,
2021-04-08,MIN,1.24941724,,,
2021-04-08,HOU,0.87076649,,,
2021-04-08,NYM,0.82404951,,,
2021-04-08,COL,0.77142858,,,
2021-04-08,TOR,0.5970696,,,
2021-04-09,ARI,0.64761904,,,
2021-04-09,LAD,0.50319285,,,
2021-04-09,ATL,1.11071429,,,
2021-04-09,CLE,0.625,,,
2021-04-09,TBR,1.05357143,,,
2021-04-09,TOR,0.45777027,,,
2021-04-09,HOU,0.55417956,,,
2021-04-09,SFG,0.55714285,,,
2021-04-09,TEX,0.03571429,,,
2021-04-10,TEX,0.68138528,,,
2021-04-10,HOU,0.7761438,,,
2021-04-10,BAL,0.70571096,,,
2021-04-10,MIN,0.53214286,,,
2021-04-10,LAD,0.91025641,,,
2021-04-10,SFG,0.68627451,,,
2021-04-10,NYM,0.30952381,,,
2021-04-10,ARI,0.8295626,,,
2021-04-10,TOR,0.94070513,,,
2021-04-10,PIT,0.89375,,,
2021-04-10,ATL,0.77896613,,,
2021-04-10,STL,0.82142857,,,
2021-04-10,CLE,1.2027972,,,
2021-04-10,TBR,0.84468865,,,
2021-04-11,BAL,1.01680672,,,
2021-04-11,MIN,0.69942611,,,
2021-04-11,SFG,0.93809524,,,
2021-04-11,ATL,0.92586873,,,
2021-04-11,TBR,0.65641026,,,
2021-04-11,TEX,0.50555556,,,
2021-04-11,CLE,0.73371648,,,
2021-04-11,STL,0.64513556,,,
2021-04-11,LAD,0.56403941,,,
2021-04-11,PIT,0.92857143,,,
2021-04-11,CHW,0.60389611,,,
2021-04-11,ARI,1.09198606,,,
2021-04-11,NYM,0.95781147,,,
2021-04-12,ARI,0.61072261,,,
2021-04-12,STL,0.55502846,,,
2021-04-12,CHW,0.60446248,,,
2021-04-12,MIL,0.73321709,,,
2021-04-12,TOR,0.39338235,,,
2021-04-12,KCR,0.50556439,,,
2021-04-12,ATL,0.53333333,,,
2021-04-12,SFG,0.23271889,,,
2021-04-12,HOU,0.73232323,,,
2021-04-12,PIT,0.51838235,,,
2021-04-12,TBR,0.56575683,,,
2021-04-13,TBR,0.52020202,,,
2021-04-13,BAL,0.77521008,,,
2021-04-13,NYM,0.73333333,,,
2021-04-13,KCR,0.44009216,,,
2021-04-13,NYM,0.91851852,,,
2021-04-13,STL,1.12690952,,,
2021-04-13,ARI,0.66873065,,,
2021-04-13,LAD,1.0743034,,,
2021-04-13,HOU,0.57002457,,,
2021-04-13,TOR,0.94711538,,,
2021-04-13,MIL,0.46403941,,,
2021-04-13,MIN,0.5012407,,,
2021-04-13,BAL,0.6,,,
2021-04-13,SFG,1.09170654,,,
2021-04-13,ATL,0.87645687,,,
2021-04-13,PIT,0.89368771,,,
2021-04-13,CHW,0.24080882,,,
2021-04-14,MIN,0.53571429,,,
2021-04-14,HOU,0.68432055,,,
2021-04-14,STL,0.43529412,,,
2021-04-14,CHW,0.91463415,,,
2021-04-14,TOR,1.09752322,,,
2021-04-14,PIT,0.8088578,,,
2021-04-14,ATL,0.7745098,,,
2021-04-14,MIN,0.48076923,,,
2021-04-14,TBR,0.5882353,,,
2021-04-14,KCR,0.92710893,,,
2021-04-14,LAD,0.94312394,,,
2021-04-14,NYM,0.85143288,,,
2021-04-14,MIL,0.80397022,,,
2021-04-14,SFG,0.48888889,,,
2021-04-15,WSN,0.81148649,,,
2021-04-15,LAD,0.90962838,,,
2021-04-15,PIT,0.58455598,,,
2021-04-15,CHW,0.60375939,,,
2021-04-15,OAK,0.91963109,,,
2021-04-15,ATL,0.84478935,,,
2021-04-15,MIN,0.7047619,,,
2021-04-15,KCR,0.7486631,,,
2021-04-15,BAL,0.4916388,,,
2021-04-15,TBR,0.65765765,,,
2021-04-15,BAL,0.5224359,,,
2021-04-16,PHI,0.86348684,,,
2021-04-16,SEA,0.86348684,,,
2021-04-16,MIA,0.7016129,,,
2021-04-16,WSN,0.51904762,,,
2021-04-16,SDP,0.70631666,,,
2021-04-16,CIN,0.96907994,,,
2021-04-16,NYY,0.36818687,,,
2021-04-16,MIL,0.55765765,,,
2021-04-16,OAK,0.70036765,,,
2021-04-16,CHC,0.71034483,,,
2021-04-16,TEX,0.48897059,,,
2021-04-16,LAA,0.92123552,,,
2021-04-17,CHC,1.37593985,,,
2021-04-17,COL,0.95623342,,,
2021-04-17,CIN,0.77749843,,,
2021-04-17,COL,0.52884615,,,
2021-04-17,KCR,0.38285714,,,
2021-04-17,KCR,0.86666667,,,
2021-04-17,OAK,1.02222222,,,
2021-04-17,MIL,0.78535353,,,
2021-04-17,SEA,0.26666666,,,
2021-04-17,WSN,1.03362573,,,
2021-04-17,PHI,0.67142857,,,
2021-04-17,TEX,0.50446429,,,
2021-04-17,BOS,1.01120448,,,
2021-04-17,MIA,0.90737564,,,
2021-04-17,NYY,0.51597051,,,
2021-04-17,SDP,0.31556949,,,
2021-04-18,SEA,0.74761904,,,
2021-04-18,CIN,0.58610038,,,
2021-04-18,TEX,0.44497607,,,
2021-04-18,NYY,0.43921568,,,
2021-04-18,SDP,0.68121442,,,
2021-04-18,MIL,0.73648649,,,
2021-04-18,BOS,0.76923077,,,
2021-04-18,KCR,0.82961125,,,
2021-04-18,OAK,0.69411765,,,
2021-04-18,PHI,0.73571428,,,
2021-04-18,BOS,0.39230769,,,
2021-04-18,CHC,0.91353383,,,
2021-04-18,MIA,0.27586206,,,
2021-04-18,COL,0.33908046,,,
2021-04-18,WSN,0.65277778,,,
2021-04-19,SEA,0.61866359,,,
2021-04-19,PHI,0.5247678,,,
2021-04-19,WSN,0.60558069,,,
2021-04-19,BOS,1.18421053,,,
2021-04-19,LAA,0.6879085,,,
2021-04-19,SDP,0.29282407,,,
2021-04-19,KCR,0.42083333,,,
2021-04-20,NYY,0.60446248,,,
2021-04-20,WSN,0.68768473,,,
2021-04-20,KCR,0.79722222,,,
2021-04-20,SDP,0.37647059,,,
2021-04-20,CLE,0.69562243,,,
2021-04-20,MIA,0.67543859,,,
2021-04-20,OAK,0.9704301,,,
2021-04-20,CHC,0.43697479,,,
2021-04-20,OAK,0.57272727,,,
2021-04-20,SEA,0.13571429,,,
2021-04-20,BOS,0.78787879,,,
2021-04-20,LAA,0.95686274,,,
2021-04-20,CIN,0.61072261,,,
2021-04-20,PHI,0.87619047,,,
2021-04-20,COL,0.90466532,,,
2021-04-21,DET,1.01217391,,,
2021-04-21,OAK,0.96834457,,,
2021-04-21,KCR,0.94197138,,,
2021-04-21,COL,0.93665541,,,
2021-04-21,SDP,0.63636363,,,
2021-04-21,DET,0.40969899,,,
2021-04-21,CHC,0.98888889,,,
2021-04-21,CIN,0.76522436,,,
2021-04-21,MIA,0.69696969,,,
2021-04-21,LAA,0.90840841,,,
2021-04-21,BOS,0.83333333,,,
2021-04-21,PHI,0.89124839,,,
2021-04-21,WSN,0.41428571,,,
2021-04-21,NYY,0.45858762,,,
2021-04-22,CIN,1.0814394,,,
2021-04-22,CHC,0.57603687,,,
2021-04-22,LAD,0.7035473,,,
2021-04-22,BOS,0.66302952,,,
2021-04-22,SFG,0.51904762,,,
2021-04-22,CLE,0.56871345,,,
2021-04-22,HOU,0.87844611,,,
2021-04-22,DET,0.69444444,,,
2021-04-23,CHC,1.425,,,
2021-04-23,BOS,0.85413534,,,
2021-04-23,HOU,0.59795322,,,
2021-04-23,COL,0.99099099,,,
2021-04-23,DET,0.5256167,,,
2021-04-23,ATL,0.89493087,,,
2021-04-23,STL,0.66078432,,,
2021-04-23,NYM,0.86532508,,,
2021-04-23,CLE,0.48294931,,,
2021-04-23,CHW,0.97748593,,,
2021-04-23,LAD,0.43711967,,,
2021-04-23,BAL,0.58677098,,,
2021-04-23,TBR,0.4809221,,,
2021-04-23,MIN,0.57142857,,,
2021-04-23,SFG,0.81919851,,,
2021-04-24,BOS,0.53274682,,,
2021-04-24,NYM,0.53839286,,,
2021-04-24,DET,0.3,,,
2021-04-24,LAD,0.78168498,,,
2021-04-24,CHC,0.69814241,,,
2021-04-24,CHW,0.65535714,,,
2021-04-24,CLE,0.32903226,,,
2021-04-24,STL,0.51470588,,,
2021-04-24,BAL,0.65840841,,,
2021-04-24,TBR,0.64154412,,,
2021-04-24,SFG,0.51008065,,,
2021-04-24,MIN,0.31818182,,,
2021-04-24,HOU,1.35714286,,,
2021-04-24,COL,0.73232323,,,
2021-04-25,SFG,0.68095238,,,
2021-04-25,HOU,0.54056795,,,
2021-04-25,BAL,0.97575758,,,
2021-04-25,CLE,0.76286765,,,
2021-04-25,ATL,0,,,
2021-04-25,COL,1.13702074,,,
2021-04-25,CHC,0.35416667,,,
2021-04-25,TBR,0.40625,,,
2021-04-25,MIN,0.58080808,,,
2021-04-25,STL,0.82862903,,,
2021-04-25,BOS,0.69004525,,,
2021-04-25,ATL,0.21428572,,,
2021-04-25,LAD,0.85797342,,,
2021-04-25,CHW,1.00075758,,,
2021-04-25,DET,0.34879032,,,
2021-04-25,NYM,0.89959432,,,
2021-04-26,LAD,0.62745098,,,
2021-04-26,BAL,0.9235023,,,
2021-04-26,STL,0.23271889,,,
2021-04-26,CLE,0.78947368,,,
2021-04-26,MIL,0.51612904,,,
2021-04-26,SFG,0.94285714,,,
2021-04-26,ATL,0.98739496,,,
2021-04-26,HOU,0.83397684,,,
2021-04-26,DET,0.77857143,,,
2021-04-26,TBR,0.47132617,,,
2021-04-26,TEX,0.5625,,,
2021-04-27,TOR,1.01658986,,,
2021-04-27,CHW,0.55108359,,,
2021-04-27,MIL,0.99642857,,,
2021-04-27,PIT,0.57157258,,,
2021-04-27,HOU,0.60267857,,,
2021-04-27,LAD,0.58306452,,,
2021-04-27,ATL,0.81611722,,,
2021-04-27,BAL,0.53972154,,,
2021-04-27,TEX,0.93358634,,,
2021-04-27,SFG,0.76768293,,,
2021-04-27,TBR,0.86718146,,,
2021-04-27,CLE,1.00961538,,,
2021-04-27,STL,0.77777777,,,
2021-04-27,ARI,0.5483871,,,
2021-04-27,NYM,0.5625,,,
2021-04-28,ARI,0.72321429,,,
2021-04-28,STL,0.76010101,,,
2021-04-28,BAL,0.29462365,,,
2021-04-28,CLE,0.46306818,,,
2021-04-28,ATL,1.34761905,,,
2021-04-28,PIT,0.81428572,,,
2021-04-28,HOU,0.62335526,,,
2021-04-28,TBR,0.76666666,,,
2021-04-28,LAD,0.86186931,,,
2021-04-28,NYM,0.28354978,,,
2021-04-28,SFG,0.78402904,,,
2021-04-28,TEX,0.58874459,,,
2021-04-28,TOR,0.625,,,
2021-04-28,MIL,0.59375,,,
2021-04-29,TEX,0.71666667,,,
2021-04-29,STL,0.46394687,,,
2021-04-29,MIL,0.50319285,,,
2021-04-29,CHW,0.60434783,,,
2021-04-29,TBR,0.61402027,,,
2021-04-29,ARI,0.94256757,,,
2021-04-29,BAL,0.60089286,,,
2021-04-29,ATL,0.63063063,,,
2021-04-29,CHW,1.21048321,,,
2021-04-29,HOU,0.24047619,,,
2021-04-30,ARI,0.90902255,,,
2021-04-30,WSN,0.7204301,,,
2021-04-30,TEX,0.4847973,,,
2021-04-30,PHI,0.32589286,,,
2021-04-30,SDP,0.66543779,,,
2021-04-30,CIN,0.90555556,,,
2021-04-30,PIT,0.49420849,,,
2021-04-30,MIL,0.64746544,,,
2021-04-30,SEA,0.9902439,,,
2021-04-30,TBR,0.5160473,,,
2021-04-30,CHW,0.52102102,,,
2021-04-30,TOR,1.33508772,,,
2021-04-30,OAK,0.57232143,,,
2021-04-30,NYY,1.30722154,,,
2021-04-30,MIN,0.95626577,,,
2021-05-01,NYY,0.66586538,,,
2021-05-01,PHI,0.63071896,,,
2021-05-01,ARI,0.82670906,,,
2021-05-01,CHW,0.65740741,,,
2021-05-01,TOR,0.8015873,,,
2021-05-01,CIN,0.50822368,,,
2021-05-01,MIL,0.76208378,,,
2021-05-01,MIN,0.57657657,,,
2021-05-01,SEA,0.59633699,,,
2021-05-01,TBR,0.36213235,,,
2021-05-01,TEX,1.06254827,,,
2021-05-01,WSN,0.88461538,,,
2021-05-01,OAK,0.75357143,,,
2021-05-01,PIT,0.63233082,,,
2021-05-01,SDP,0.76190476,,,
2021-05-02,ARI,0.87878788,,,
2021-05-02,MIL,0.7761438,,,
2021-05-02,PIT,0.51410658,,,
2021-05-02,TBR,0.68817204,,,
2021-05-02,CHW,0.37903226,,,
2021-05-02,SEA,0.50347222,,,
2021-05-02,NYY,0.29670329,,,
2021-05-02,CIN,1.2893617,,,
2021-05-02,PHI,0.7934066,,,
2021-05-02,OAK,0.95441176,,,
2021-05-02,TOR,0.88270676,,,
2021-05-02,SDP,0.59285714,,,
2021-05-02,TEX,0.72727272,,,
2021-05-02,WSN,0.86511156,,,
2021-05-02,MIN,1.21235521,,,
2021-05-03,SDP,0.35384615,,,
2021-05-03,SEA,0.48181818,,,
2021-05-03,PHI,0.65,,,
2021-05-03,KCR,0.8998708,,,
2021-05-03,OAK,0.96953405,,,
2021-05-03,STL,1,,,
2021-05-03,LAA,0.80628803,,,
2021-05-03,MIN,0.73161765,,,
2021-05-04,CHC,0.81547619,,,
2021-05-04,COL,0.67816092,,,
2021-05-04,CHC,0.91586538,,,
2021-05-04,LAA,0.56964286,,,
2021-05-04,PHI,0.80645162,,,
2021-05-04,SDP,0.33491461,,,
2021-05-04,MIN,0.47445887,,,
2021-05-04,COL,0.96060606,,,
2021-05-04,WSN,0.40909091,,,
2021-05-04,BOS,1.15147626,,,
2021-05-04,KCR,0.78754579,,,
2021-05-04,MIA,0.96616541,,,
2021-05-04,SEA,0.76731601,,,
2021-05-04,CIN,0.29464286,,,
2021-05-04,OAK,0.668357,,,
2021-05-04,NYY,0.84527439,,,
2021-05-05,SDP,0.74529074,,,
2021-05-05,MIA,0.80392157,,,
2021-05-05,BOS,0.68115942,,,
2021-05-05,COL,0.54975369,,,
2021-05-05,STL,0.84605912,,,
2021-05-05,OAK,0.69117647,,,
2021-05-05,NYY,0.86186931,,,
2021-05-05,CHC,0.60467836,,,
2021-05-05,LAA,0.62777778,,,
2021-05-05,PHI,0.52962963,,,
2021-05-05,CIN,0.54210526,,,
2021-05-05,MIN,0.68954249,,,
2021-05-05,KCR,0.72586873,,,
2021-05-05,WSN,0.7249104,,,
2021-05-05,SEA,0,,,
2021-05-05,STL,0.81329423,,,
2021-05-06,LAA,0.61742424,,,
2021-05-06,STL,0.19677419,,,
2021-05-06,NYY,0.8126935,,,
2021-05-06,MIA,0.61430396,,,
2021-05-06,MIN,0.57518797,,,
2021-05-06,WSN,0.65686274,,,
2021-05-06,BOS,0.90261628,,,
2021-05-06,OAK,0.64761904,,,
2021-05-06,KCR,0.40263691,,,
2021-05-06,PHI,0.51152074,,,
2021-05-07,STL,0.71925133,,,
2021-05-07,DET,0.63063063,,,
2021-05-07,ATL,0.47782258,,,
2021-05-07,SFG,0.69047619,,,
2021-05-07,KCR,0.48571429,,,
2021-05-07,BAL,0.83119658,,,
2021-05-07,MIA,0.89848197,,,
2021-05-07,NYY,0.66607143,,,
2021-05-07,OAK,0.64895636,,,
2021-05-07,NYM,0.61868687,,,
2021-05-07,HOU,1.14285715,,,
2021-05-07,LAA,1.11695906,,,
2021-05-07,CLE,0.03448276,,,
2021-05-07,TEX,0.87142857,,,
2021-05-07,CHC,0.63292548,,,
2021-05-08,MIA,0.48484848,,,
2021-05-08,KCR,0.55902778,,,
2021-05-08,SFG,1.05731523,,,
2021-05-08,LAA,0.76254827,,,
2021-05-08,CLE,0.81881533,,,
2021-05-08,HOU,0.66666667,,,
2021-05-08,CHC,0.44324971,,,
2021-05-08,ATL,0.82363977,,,
2021-05-08,DET,1.11755952,,,
2021-05-08,TEX,1.0959707,,,
2021-05-08,STL,0.97856615,,,
2021-05-08,OAK,0.77593722,,,
2021-05-08,BAL,0.77073907,,,
2021-05-08,NYY,0.5,,,
2021-05-08,NYM,0.61554622,,,
2021-05-09,CHC,0.49242424,,,
2021-05-09,OAK,0.58680556,,,
2021-05-09,MIA,0.50794912,,,
2021-05-09,NYY,0.71616541,,,
2021-05-09,STL,0.74288425,,,
2021-05-09,LAA,0.52262931,,,
2021-05-09,NYM,0.58468468,,,
2021-05-09,KCR,0.54444445,,,
2021-05-09,SFG,0.63063063,,,
2021-05-09,TEX,1.03187803,,,
2021-05-09,ATL,0.94375,,,
2021-05-09,HOU,1.04880067,,,
2021-05-09,BAL,0.54444445,,,
2021-05-10,HOU,0.82539682,,,
2021-05-10,PIT,0.60035843,,,
2021-05-10,SFG,0.60829494,,,
2021-05-10,ARI,0.85898617,,,
2021-05-10,BAL,0.87191651,,,
2021-05-11,NYM,0.68392857,,,
2021-05-11,ATL,0.68138528,,,
2021-05-11,SFG,0.49285714,,,
2021-05-11,COL,0.27126436,,,
2021-05-11,TBR,0.41515151,,,
2021-05-11,CHW,1.0250896,,,
2021-05-11,WSN,0.63122172,,,
2021-05-11,LAD,0.87878788,,,
2021-05-11,BOS,0.41515151,,,
2021-05-11,HOU,0.75178571,,,
2021-05-11,PIT,0.86842105,,,
2021-05-11,ARI,1.26897019,,,
2021-05-11,DET,0.90096618,,,
2021-05-11,MIL,0.53588516,,,
2021-05-11,CLE,0.59975369,,,
2021-05-12,LAD,0.84722222,,,
2021-05-12,DET,0.65803571,,,
2021-05-12,MIL,0.64495798,,,
2021-05-12,PIT,0.41995842,,,
2021-05-12,WSN,0.65232558,,,
2021-05-12,ATL,0.48713235,,,
2021-05-12,ARI,0.54545454,,,
2021-05-12,NYM,0.74509804,,,
2021-05-12,TBR,0.33333333,,,
2021-05-12,CHW,1.15238679,,,
2021-05-12,COL,0.75294118,,,
2021-05-12,BOS,0.53125,,,
2021-05-12,COL,0.76166328,,,
2021-05-12,HOU,1.10135135,,,
2021-05-12,CLE,0.63682432,,,
2021-05-13,MIL,0.48294931,,,
2021-05-13,SEA,0.41386555,,,
2021-05-13,TBR,0.97285067,,,
2021-05-13,DET,0.7437276,,,
2021-05-13,ARI,0.43529412,,,
2021-05-13,BOS,1.04962406,,,
2021-05-13,WSN,0.74791667,,,
2021-05-13,PIT,0.46306818,,,
2021-05-13,COL,1.16456457,,,
2021-05-13,ATL,0.59220779,,,
2021-05-13,CHW,0.75686274,,,
2021-05-13,HOU,0.77591973,,,
2021-05-14,CHW,0.59415584,,,
2021-05-14,SDP,0.67174796,,,
2021-05-14,HOU,0.82251082,,,
2021-05-14,ARI,0.46212121,,,
2021-05-14,BOS,0.8172043,,,
2021-05-14,MIL,0.73847377,,,
2021-05-14,COL,1.13888889,,,
2021-05-14,BAL,0.76883116,,,
2021-05-14,SEA,1.09285714,,,
2021-05-14,TBR,0.71180556,,,
2021-05-14,CHW,0.84666667,,,
2021-05-14,TOR,0.51111111,,,
2021-05-14,LAD,0.88461538,,,
2021-05-14,MIN,0.59047619,,,
2021-05-14,PIT,0.50898588,,,
2021-05-14,DET,0.52955665,,,
2021-05-15,MIL,0.37815126,,,
2021-05-15,TOR,0.75546218,,,
2021-05-15,LAD,0.60902255,,,
2021-05-15,PIT,1.11388889,,,
2021-05-15,CHW,0.46394687,,,
2021-05-15,TBR,1.05641026,,,
2021-05-15,SDP,1.25858124,,,
2021-05-15,DET,0.82672139,,,
2021-05-15,ARI,1.01111111,,,
2021-05-15,BOS,1.12123552,,,
2021-05-15,HOU,1.01045296,,,
2021-05-15,COL,0.58796764,,,
2021-05-15,MIN,0.78627451,,,
2021-05-15,SEA,0.93199651,,,
2021-05-15,BAL,0.53079179,,,
2021-05-16,TOR,1.27954545,,,
2021-05-16,SDP,0.67059891,,,
2021-05-16,HOU,0.61458333,,,
2021-05-16,COL,0.66785714,,,
2021-05-16,SEA,0.62837838,,,
2021-05-16,BOS,0.78301159,,,
2021-05-16,MIL,0.93888889,,,
2021-05-16,PIT,0.53972154,,,
2021-05-16,LAD,0.65840841,,,
2021-05-16,TBR,1.00879765,,,
2021-05-16,CHW,0.86617647,,,
2021-05-16,BAL,0.97345768,,,
2021-05-16,ARI,0.35416667,,,
2021-05-16,DET,0.57575757,,,
2021-05-16,MIN,0.90873016,,,
2021-05-17,TEX,0.85686274,,,
2021-05-17,SDP,0.92383293,,,
2021-05-17,LAD,0.67816092,,,
2021-05-17,MIN,0.75675676,,,
2021-05-17,CHC,1.04991088,,,
2021-05-17,SEA,0.46012931,,,
2021-05-17,ATL,0.36236559,,,
2021-05-17,LAA,0.83900929,,,
2021-05-17,CIN,0.77777777,,,
2021-05-18,STL,0.81955485,,,
2021-05-18,OAK,0.97187759,,,
2021-05-18,PHI,0.91124661,,,
2021-05-18,SEA,0.06896552,,,
2021-05-18,MIN,0.80769231,,,
2021-05-18,LAA,0.77229438,,,
2021-05-18,CIN,0.68954249,,,
2021-05-18,CHC,1.05089286,,,
2021-05-18,KCR,0.42241379,,,
2021-05-18,TOR,1.09926262,,,
2021-05-18,SDP,0.46470588,,,
2021-05-18,ATL,0.65464896,,,
2021-05-18,TEX,0.67171717,,,
2021-05-18,BAL,0.6498708,,,
2021-05-18,LAD,0.97345768,,,
2021-05-19,PHI,0.62756598,,,
2021-05-19,TEX,0.03571429,,,
2021-05-19,SDP,0.75,,,
2021-05-19,SEA,0.50982143,,,
2021-05-19,STL,0.81686047,,,
2021-05-19,MIN,0.33986175,,,
2021-05-19,OAK,0.29032258,,,
2021-05-19,CIN,0.32543103,,,
2021-05-19,CHC,0.68627451,,,
2021-05-19,KCR,0.71347249,,,
2021-05-19,TOR,0.84712838,,,
2021-05-19,LAD,0.61428571,,,
2021-05-19,ATL,0.90540541,,,
2021-05-19,LAA,0.56695992,,,
2021-05-19,BAL,0.94672657,,,
2021-05-20,CHC,0.8126935,,,
2021-05-20,ATL,0.68040541,,,
2021-05-20,TEX,0.43087121,,,
2021-05-20,PHI,0.384535,,,
2021-05-20,LAA,0.48397436,,,
2021-05-20,BAL,0.43571429,,,
2021-05-20,TOR,0.77389277,,,
2021-05-20,LAA,1.1174968,,,
2021-05-20,LAD,0.74942529,,,
2021-05-20,CIN,0.73245614,,,
2021-05-20,OAK,0.89215686,,,
2021-05-21,WSN,0.8622291,,,
2021-05-21,CLE,0.38181818,,,
2021-05-21,STL,0.57582583,,,
2021-05-21,SDP,1.25,,,
2021-05-21,NYY,0.59375,,,
2021-05-21,CIN,1.10241935,,,
2021-05-21,KCR,0.71396397,,,
2021-05-21,SFG,0.27647059,,,
2021-05-21,TEX,0.76444159,,,
2021-05-21,TOR,0.83111111,,,
2021-05-21,MIA,0.67536782,,,
2021-05-21,LAA,0.7929293,,,
2021-05-21,PHI,0.6097973,,,
2021-05-21,ATL,1.69156504,,,
2021-05-21,COL,0.97794118,,,
2021-05-22,PHI,0.71893939,,,
2021-05-22,STL,0.6,,,
2021-05-22,WSN,1.00834824,,,
2021-05-22,ATL,1.01474202,,,
2021-05-22,COL,0.83868093,,,
2021-05-22,CLE,0.85135135,,,
2021-05-22,SFG,0.62756598,,,
2021-05-22,LAA,0.43181818,,,
2021-05-22,KCR,0.79773322,,,
2021-05-22,CIN,0.66666666,,,
2021-05-22,TOR,0.54377881,,,
2021-05-22,SDP,0.82667876,,,
2021-05-22,TEX,0.89523809,,,
2021-05-22,MIA,0.59726295,,,
2021-05-22,NYY,0.88571429,,,
2021-05-23,MIA,0.54009216,,,
2021-05-23,TEX,0.56875,,,
2021-05-23,WSN,0.8935299,,,
2021-05-23,SDP,0.96425458,,,
2021-05-23,KCR,0.54907162,,,
2021-05-23,NYY,0.67873303,,,
2021-05-23,LAA,0.81919851,,,
2021-05-23,CLE,0.80020704,,,
2021-05-23,ATL,0.84204672,,,
2021-05-23,SFG,0.67132867,,,
2021-05-23,TOR,0.72190611,,,
2021-05-23,STL,0.57142858,,,
2021-05-23,CIN,0.78571429,,,
2021-05-23,COL,0.76634768,,,
2021-05-23,PHI,0.88927638,,,
2021-05-24,NYM,0.46666666,,,
2021-05-24,CHW,0.74712643,,,
2021-05-24,MIA,1.07120743,,,
2021-05-24,MIL,0.73732251,,,
2021-05-24,TOR,0.88636364,,,
2021-05-24,MIN,0.93720191,,,
2021-05-24,DET,0.77761837,,,
2021-05-24,OAK,0.56470588,,,
2021-05-25,CHW,0.79166667,,,
2021-05-25,WSN,0.42083333,,,
2021-05-25,NYM,0.85,,,
2021-05-25,HOU,0.48484848,,,
2021-05-25,ARI,0.65058479,,,
2021-05-25,MIN,1.03508772,,,
2021-05-25,MIA,0.44514106,,,
2021-05-25,TBR,0.40263691,,,
2021-05-25,OAK,0.63233082,,,
2021-05-25,PIT,0.63063063,,,
2021-05-25,DET,0.51470588,,,
2021-05-25,MIL,0.29166667,,,
2021-05-25,LAA,1.03882784,,,
2021-05-25,NYY,0.55050505,,,
2021-05-25,BOS,0.44932079,,,
2021-05-26,HOU,0.90949821,,,
2021-05-26,PIT,0.47782258,,,
2021-05-26,DET,0.38095238,,,
2021-05-26,MIN,0.55436082,,,
2021-05-26,BOS,0.74652778,,,
2021-05-26,LAA,1.05303031,,,
2021-05-26,OAK,0.86111111,,,
2021-05-26,WSN,0.71794871,,,
2021-05-26,ARI,0.7368421,,,
2021-05-26,MIA,0.55913978,,,
2021-05-26,TBR,0.39677419,,,
2021-05-26,CHW,0.51787271,,,
2021-05-26,MIL,0.44633205,,,
2021-05-27,TBR,0.86140351,,,
2021-05-27,OAK,0.77589134,,,
2021-05-27,MIA,0.4994709,,,
2021-05-27,NYY,0.24695652,,,
2021-05-27,CHW,0.92454212,,,
2021-05-27,NYM,0.49047619,,,
2021-05-27,SEA,0.81609195,,,
2021-05-27,DET,0.55,,,
2021-05-27,NYM,0.76190476,,,
2021-05-27,WSN,0.21195652,,,
2021-05-27,LAD,0.82580645,,,
2021-05-27,MIL,0.71171171,,,
2021-05-27,NYY,0.99832776,,,
2021-05-27,ARI,0.55277778,,,
2021-05-27,PIT,0.7929293,,,
2021-05-28,MIN,0.69078947,,,
2021-05-28,OAK,0.54375,,,
2021-05-28,CHC,0.43766578,,,
2021-05-28,DET,0.59379968,,,
2021-05-28,ARI,0.84547591,,,
2021-05-28,CLE,0.43181818,,,
2021-05-28,HOU,0.71869829,,,
2021-05-28,LAD,0.70175438,,,
2021-05-28,SEA,0.65952381,,,
2021-05-28,BOS,0.82815735,,,
2021-05-29,MIN,0.8229665,,,
2021-05-29,OAK,0.2835249,,,
2021-05-29,BOS,0.82857143,,,
2021-05-29,ARI,0.74146341,,,
2021-05-29,TBR,0.61428571,,,
2021-05-29,PIT,0.90769231,,,
2021-05-29,WSN,0.68627451,,,
2021-05-29,HOU,0.735,,,
2021-05-29,CHC,0.93333334,,,
2021-05-29,NYM,1.16791979,,,
2021-05-29,DET,0.75548589,,,
2021-05-29,WSN,0.51268116,,,
2021-05-29,CHW,0.78595318,,,
2021-05-29,CHW,1.01683501,,,
2021-05-29,LAD,0.7542735,,,
2021-05-29,SEA,0.69139785,,,
2021-05-29,PIT,1.00625,,,
2021-05-30,SEA,0.73852813,,,
2021-05-30,MIN,0.60625,,,
2021-05-30,TBR,0.95207373,,,
2021-05-30,OAK,0.46904969,,,
2021-05-30,DET,0.64830842,,,
2021-05-30,CHC,0.38035527,,,
2021-05-30,WSN,0.29094828,,,
2021-05-30,ARI,0.94208494,,,
2021-05-30,CLE,0.47230769,,,
2021-05-30,HOU,0.5830721,,,
2021-05-30,PIT,0.48571429,,,
2021-05-30,LAD,0.55378151,,,
2021-05-30,CLE,0.62753624,,,
2021-05-30,CHW,0.73958333,,,
2021-05-31,ATL,0.62463054,,,
2021-05-31,BAL,0.50873015,,,
2021-05-31,ARI,0.57142857,,,
2021-05-31,CHC,1.22794118,,,
2021-05-31,CLE,0.97794118,,,
2021-05-31,SEA,0.7047619,,,
2021-05-31,LAD,1.09170654,,,
2021-05-31,MIL,0.57720588,,,
2021-05-31,HOU,1.0029564,,,
2021-05-31,KCR,0.97683398,,,
2021-05-31,CIN,0.98611111,,,
2021-05-31,SFG,0.96111111,,,
2021-05-31,CLE,0.70769231,,,
2021-05-31,NYY,0.5256167,,,
2021-06-01,ARI,0.70952381,,,
2021-06-01,TOR,0.82857142,,,
2021-06-01,CHC,0.8395722,,,
2021-06-01,COL,0.58437686,,,
2021-06-01,NYY,0.63099415,,,
2021-06-01,SEA,0.89409499,,,
2021-06-01,MIL,0.9841629,,,
2021-06-01,BAL,0.98263889,,,
2021-06-01,LAD,0.66807432,,,
2021-06-01,ATL,0.67142857,,,
2021-06-01,HOU,0.86932849,,,
2021-06-01,SFG,0.39962121,,,
2021-06-01,CIN,0.77229602,,,
2021-06-01,KCR,1.14555053,,,
2021-06-01,CLE,0.697479,,,
2021-06-02,NYY,0.88927638,,,
2021-06-02,COL,1.01146602,,,
2021-06-02,BAL,0.99681021,,,
2021-06-02,HOU,0.5025641,,,
2021-06-02,ATL,0.62321145,,,
2021-06-02,SEA,0.33147942,,,
2021-06-02,ARI,0.70833333,,,
2021-06-02,CHC,0.8126935,,,
2021-06-02,TOR,0.92857143,,,
2021-06-02,LAD,0.87301587,,,
2021-06-03,NYY,0.625,,,
2021-06-03,MIL,0.94623656,,,
2021-06-03,LAA,0.64393939,,,
2021-06-03,PIT,0.69208211,,,
2021-06-03,STL,0.49910395,,,
2021-06-03,ATL,0.68121442,,,
2021-06-03,COL,1.04186047,,,
2021-06-03,CHW,0.8,,,
2021-06-03,SDP,0.70833333,,,
2021-06-03,HOU,0.56862745,,,
2021-06-03,KCR,0.89583333,,,
2021-06-03,SFG,0.92540793,,,
2021-06-04,MIL,0.75130616,,,
2021-06-04,PIT,0.93589744,,,
2021-06-04,SFG,1.10722611,,,
2021-06-04,ATL,0.6491228,,,
2021-06-04,CHW,0.94545455,,,
2021-06-04,PHI,0.53392659,,,
2021-06-04,LAA,0.86666667,,,
2021-06-04,TOR,0.50907258,,,
2021-06-04,KCR,0.85645933,,,
2021-06-04,COL,0.87631579,,,
2021-06-04,NYY,0.58067227,,,
2021-06-04,STL,0.65347985,,,
2021-06-04,BAL,0.70535714,,,
2021-06-04,SDP,0.70535714,,,
2021-06-04,TEX,0.75,,,
2021-06-05,ATL,0.87373737,,,
2021-06-05,BAL,0.86032389,,,
2021-06-05,MIL,0.82536765,,,
2021-06-05,SFG,0.86666667,,,
2021-06-05,TOR,0.93434344,,,
2021-06-05,SDP,0.35828877,,,
2021-06-05,PIT,0.46595528,,,
2021-06-05,STL,0.58151261,,,
2021-06-05,LAA,1.16463415,,,
2021-06-05,PHI,0.57272727,,,
2021-06-05,NYY,0.57972351,,,
2021-06-05,COL,0.79047619,,,
2021-06-05,TEX,0.3866995,,,
2021-06-05,KCR,0.68138528,,,
2021-06-05,CHW,0.63931888,,,
2021-06-06,NYY,0.75514874,,,
2021-06-06,SFG,0.76550079,,,
2021-06-06,TOR,0.49607672,,,
2021-06-06,CHW,0.59411765,,,
2021-06-06,KCR,0.50907258,,,
2021-06-06,COL,0.69444444,,,
2021-06-06,PIT,0.57720588,,,
2021-06-06,PHI,0.83571429,,,
2021-06-06,SDP,0.50159489,,,
2021-06-06,MIL,0.76078432,,,
2021-06-06,TEX,0.64967105,,,
2021-06-06,BAL,1.22958931,,,
2021-06-06,LAA,0.75322812,,,
2021-06-06,ATL,0.7059387,,,
2021-06-06,STL,0.93142516,,,
2021-06-07,SDP,1.01704545,,,
2021-06-07,LAA,0.84050179,,,
2021-06-07,BOS,0.72474747,,,
2021-06-08,LAA,1.12410714,,,
2021-06-08,MIA,0.83552124,,,
2021-06-08,TEX,0.81272401,,,
2021-06-08,TBR,0.77692308,,,
2021-06-08,STL,0.45208845,,,
2021-06-08,DET,0.78035714,,,
2021-06-08,PHI,0.92891986,,,
2021-06-08,MIN,0.59459459,,,
2021-06-08,SDP,0.38528138,,,
2021-06-08,BOS,0.46212121,,,
2021-06-08,PIT,0.59982174,,,
2021-06-08,CHW,0.8295626,,,
2021-06-08,OAK,0.51428571,,,
2021-06-08,CIN,0.58238884,,,
2021-06-08,BAL,1.19597069,,,
2021-06-09,PHI,0.50244379,,,
2021-06-09,OAK,0.64495798,,,
2021-06-09,STL,1.04705882,,,
2021-06-09,BOS,0.42291667,,,
2021-06-09,PIT,0.41923775,,,
2021-06-09,TEX,0.41866029,,,
2021-06-09,MIN,0.86842105,,,
2021-06-09,CIN,0.75961538,,,
2021-06-09,BAL,0.43087121,,,
2021-06-09,CHW,0.42211982,,,
2021-06-09,MIA,0.78676471,,,
2021-06-09,SDP,0.28528226,,,
2021-06-09,TBR,0.7125,,,
2021-06-09,LAA,0.77598566,,,
2021-06-09,DET,0.74197689,,,
2021-06-10,BOS,1.07602339,,,
2021-06-10,PHI,0.65058479,,,
2021-06-10,MIA,1.19597069,,,
2021-06-10,OAK,0.34022988,,,
2021-06-10,CIN,0.54779412,,,
2021-06-10,MIN,1.02711324,,,
2021-06-10,PIT,0.69230769,,,
2021-06-10,CHW,0.81458333,,,
2021-06-10,DET,1.12891986,,,
2021-06-11,LAD,1.34569378,,,
2021-06-11,CLE,0.97619048,,,
2021-06-11,MIN,0.75882353,,,
2021-06-11,WSN,0.21825397,,,
2021-06-11,MIA,0.58333333,,,
2021-06-11,DET,0.7008547,,,
2021-06-11,CHC,0.99019608,,,
2021-06-11,OAK,0.74025974,,,
2021-06-11,BOS,0.79665071,,,
2021-06-11,ARI,0.72574526,,,
2021-06-11,NYM,0.70089286,,,
2021-06-11,TBR,0.79078341,,,
2021-06-11,MIL,0.75732601,,,
2021-06-11,CIN,1.1031746,,,
2021-06-12,TBR,0.70175438,,,
2021-06-12,WSN,0.44505494,,,
2021-06-12,CIN,0.9484127,,,
2021-06-12,CLE,0.70294118,,,
2021-06-12,MIL,0.66385135,,,
2021-06-12,LAD,0.54779412,,,
2021-06-12,ARI,0.7972973,,,
2021-06-12,OAK,1.14898989,,,
2021-06-12,MIA,0.81609195,,,
2021-06-12,MIN,0.83809524,,,
2021-06-12,DET,0.55536182,,,
2021-06-12,WSN,0.67272727,,,
2021-06-12,PHI,0.83804348,,,
2021-06-12,NYM,0.65092166,,,
2021-06-12,CHC,0.93846154,,,
2021-06-12,BOS,0.56810036,,,
2021-06-13,ARI,0.55108359,,,
2021-06-13,MIN,0.72321429,,,
2021-06-13,MIA,0.54804805,,,
2021-06-13,WSN,1.01176471,,,
2021-06-13,OAK,0.98611111,,,
2021-06-13,DET,0.17407407,,,
2021-06-13,NYM,0.64169884,,,
2021-06-13,CHC,0.39354839,,,
2021-06-13,BOS,0.68402778,,,
2021-06-13,CIN,0.89124424,,,
2021-06-13,TBR,0.78867623,,,
2021-06-13,LAD,0.91666667,,,
2021-06-13,MIL,0.62857143,,,
2021-06-13,CLE,0.39658444,,,
2021-06-13,PHI,0.86409267,,,
2021-06-14,MIL,0.44848485,,,
2021-06-14,CLE,0.42911877,,,
2021-06-14,SFG,1.07791328,,,
2021-06-14,CHW,0.47018573,,,
2021-06-14,OAK,0.93625192,,,
2021-06-14,NYM,0.7047619,,,
2021-06-14,COL,0.71062618,,,
2021-06-14,WSN,0.64785789,,,
2021-06-14,KCR,0.88014311,,,
2021-06-14,SEA,0.90501792,,,
2021-06-14,STL,0.80170778,,,
2021-06-14,BOS,0.50806452,,,
2021-06-14,LAD,0.47619047,,,
2021-06-15,COL,1.04175824,,,
2021-06-15,TOR,0.7482066,,,
2021-06-15,SEA,1.14456317,,,
2021-06-15,MIL,0.36824324,,,
2021-06-15,LAD,0.90590111,,,
2021-06-15,ATL,0.66111111,,,
2021-06-15,STL,0.56280788,,,
2021-06-15,WSN,0.96422894,,,
2021-06-15,SFG,0.95604395,,,
2021-06-15,NYM,0.71171171,,,
2021-06-15,HOU,0.77886977,,,
2021-06-15,OAK,0.78494623,,,
2021-06-15,CLE,0.73040541,,,
2021-06-15,KCR,0.53571429,,,
2021-06-15,CHW,0.6780303,,,
2021-06-16,COL,1.0491453,,,
2021-06-16,CLE,0.89473684,,,
2021-06-16,SFG,1.35,,,
2021-06-16,TOR,0.59982174,,,
2021-06-16,HOU,1.32454212,,,
2021-06-16,CHW,0.78653846,,,
2021-06-16,SEA,0.36129032,,,
2021-06-16,WSN,0.79447004,,,
2021-06-16,ATL,1.01963994,,,
2021-06-16,KCR,0.76715177,,,
2021-06-16,LAD,0.45858762,,,
2021-06-16,OAK,0.75077399,,,
2021-06-16,NYM,0.77142857,,,
2021-06-16,MIL,0.48294931,,,
2021-06-16,STL,0.45,,,
2021-06-17,SFG,1.21341463,,,
2021-06-17,SDP,0.87946429,,,
2021-06-17,HOU,0.92147436,,,
2021-06-17,CLE,1.12972973,,,
2021-06-17,SEA,0.91861472,,,
2021-06-17,ATL,0.92315271,,,
2021-06-17,NYM,0.27619047,,,
2021-06-17,LAA,0.81286549,,,
2021-06-17,TOR,0.72474747,,,
2021-06-17,COL,0.77293233,,,
2021-06-18,KCR,0.96790541,,,
2021-06-18,ARI,0.31515151,,,
2021-06-18,BAL,0.95311355,,,
2021-06-18,TEX,0.58676208,,,
2021-06-18,SEA,0.85784314,,,
2021-06-18,LAA,1.23055556,,,
2021-06-18,PIT,0.90962838,,,
2021-06-18,COL,0.78957529,,,
2021-06-18,WSN,0.55387931,,,
2021-06-18,ATL,1.06994048,,,
2021-06-18,SDP,1.25407926,,,
2021-06-18,HOU,0.45689655,,,
2021-06-18,CHC,0.60483871,,,
2021-06-18,NYY,0.52083333,,,
2021-06-18,SFG,0.70506913,,,
2021-06-19,WSN,0.58333333,,,
2021-06-19,HOU,0.86111111,,,
2021-06-19,NYY,1.02618243,,,
2021-06-19,LAA,1.11071429,,,
2021-06-19,SFG,0.80208333,,,
2021-06-19,COL,0.75749129,,,
2021-06-19,PIT,0.75396825,,,
2021-06-19,KCR,0.48529412,,,
2021-06-19,WSN,1.17063492,,,
2021-06-19,SEA,0.67836257,,,
2021-06-19,TEX,0.56862745,,,
2021-06-19,SDP,1.01318681,,,
2021-06-19,CHC,0.37471264,,,
2021-06-19,ARI,0.40196079,,,
2021-06-19,BAL,1.05769231,,,
2021-06-20,SFG,1.16860465,,,
2021-06-20,BAL,0.68690702,,,
2021-06-20,SDP,0.67816092,,,
2021-06-20,HOU,1.08333333,,,
2021-06-20,SEA,0.70454545,,,
2021-06-20,KCR,0.99267399,,,
2021-06-20,COL,0.94038462,,,
2021-06-20,WSN,1.1031746,,,
2021-06-20,ARI,0.71611722,,,
2021-06-20,ATL,0.56060606,,,
2021-06-20,TEX,0.62251082,,,
2021-06-20,NYY,0.39463601,,,
2021-06-20,ATL,0.40468227,,,
2021-06-20,LAA,0.76715177,,,
2021-06-20,PIT,0.49051233,,,
2021-06-20,CHC,0.46,,,
2021-06-21,NYM,0.51923077,,,
2021-06-21,CHC,0.59411765,,,
2021-06-21,TEX,0.92383293,,,
2021-06-21,SDP,1.01631702,,,
2021-06-21,NYM,0.53496504,,,
2021-06-21,ARI,0.76576576,,,
2021-06-21,BAL,0.29166667,,,
2021-06-21,MIN,0.85454545,,,
2021-06-22,MIA,0.32903226,,,
2021-06-22,MIN,0.93026316,,,
2021-06-22,ARI,0.30933063,,,
2021-06-22,PIT,0.74910714,,,
2021-06-22,NYM,0.28526646,,,
2021-06-22,LAA,0.47099567,,,
2021-06-22,NYY,0.98333333,,,
2021-06-22,DET,0.96785714,,,
2021-06-22,CHC,0.89772727,,,
2021-06-22,PHI,0.7137161,,,
2021-06-22,SEA,0.59852217,,,
2021-06-22,TEX,0.84210526,,,
2021-06-22,BAL,0.45208333,,,
2021-06-22,SDP,0.58294931,,,
2021-06-22,TBR,0.64581124,,,
2021-06-23,MIA,0.44919786,,,
2021-06-23,DET,0.85291005,,,
2021-06-23,BAL,0.5227704,,,
2021-06-23,TBR,0.92089093,,,
2021-06-23,PHI,1.04465116,,,
2021-06-23,SEA,0.41431452,,,
2021-06-23,PIT,0.613798,,,
2021-06-23,SDP,1.01428571,,,
2021-06-23,LAA,0.53438892,,,
2021-06-23,NYM,0.97875458,,,
2021-06-23,TEX,1.09393939,,,
2021-06-23,ARI,0.59013283,,,
2021-06-23,NYY,0.90569106,,,
2021-06-24,TEX,0.52430556,,,
2021-06-24,MIA,0.59821429,,,
2021-06-24,LAD,0.24242424,,,
2021-06-24,NYY,1.11904762,,,
2021-06-24,STL,0.42364532,,,
2021-06-24,DET,0.75877193,,,
2021-06-24,CIN,0.87692308,,,
2021-06-24,MIN,0.45404412,,,
2021-06-24,TOR,0.94343891,,,
2021-06-24,TBR,0.34243698,,,
2021-06-25,SFG,0.57949309,,,
2021-06-25,TEX,0.92105263,,,
2021-06-25,STL,0.84431524,,,
2021-06-25,CIN,0.77777778,,,
2021-06-25,BOS,0.5785473,,,
2021-06-25,CHW,0.66666666,,,
2021-06-25,SDP,1.25714286,,,
2021-06-25,NYM,0.50347222,,,
2021-06-25,MIA,0.94579946,,,
2021-06-25,MIN,0.94891775,,,
2021-06-25,NYM,0.48888889,,,
2021-06-25,LAD,0.89215686,,,
2021-06-25,TBR,0.71790541,,,
2021-06-25,MIL,0.78263404,,,
2021-06-25,TOR,0.74868421,,,
2021-06-26,MIA,0.65913978,,,
2021-06-26,CHW,0.5010142,,,
2021-06-26,SFG,0.83080808,,,
2021-06-26,NYM,0.66063349,,,
2021-06-26,TBR,1.14932681,,,
2021-06-26,LAD,0.87626263,,,
2021-06-26,TEX,0.98498498,,,
2021-06-26,DET,0.71541502,,,
2021-06-26,CIN,0.68160919,,,
2021-06-26,BOS,0.74285714,,,
2021-06-26,TOR,1.15980919,,,
2021-06-26,MIL,1.06348209,,,
2021-06-26,STL,0.75130616,,,
2021-06-26,SDP,0.68250377,,,
2021-06-26,DET,0.48076923,,,
2021-06-27,STL,0.32866379,,,
2021-06-27,NYM,0.62077922,,,
2021-06-27,SDP,0.90779014,,,
2021-06-27,MIA,0.55902778,,,
2021-06-27,CHW,0.91608391,,,
2021-06-27,TOR,0.91319444,,,
2021-06-27,LAD,0.88172043,,,
2021-06-27,TBR,0.61363636,,,
2021-06-27,SFG,0.54377881,,,
2021-06-27,CIN,0.2507837,,,
2021-06-27,MIL,0.87018256,,,
2021-06-27,BOS,1.21025641,,,
2021-06-27,TEX,0.57505071,,,
2021-06-27,DET,0.39930253,,,
2021-06-27,MIN,0.92807017,,,
2021-06-28,HOU,0.79974969,,,
2021-06-28,LAD,0.73333333,,,
2021-06-28,CIN,1.025,,,
2021-06-28,MIL,1.20350878,,,
2021-06-28,COL,0.63137255,,,
2021-06-28,WSN,1.19699248,,,
2021-06-28,BOS,1.11568627,,,
2021-06-28,STL,0.88831169,,,
2021-06-28,CLE,1.25227273,,,
2021-06-28,NYY,0.61837121,,,
2021-06-29,TOR,1.1010296,,,
2021-06-29,ATL,0.54299754,,,
2021-06-29,STL,0.63333333,,,
2021-06-29,BOS,0.93333333,,,
2021-06-29,CHW,0.71731749,,,
2021-06-29,PHI,0.59276018,,,
2021-06-29,LAD,0.55048077,,,
2021-06-29,MIL,0.36689815,,,
2021-06-29,WSN,0.98965517,,,
2021-06-29,OAK,0.77941176,,,
2021-06-29,CIN,0.62082671,,,
2021-06-29,HOU,0.66190476,,,
2021-06-29,NYY,1.16208598,,,
2021-06-29,COL,1.05263158,,,
2021-06-30,CLE,0.34045584,,,
2021-06-30,STL,0.8468254,,,
2021-06-30,CHW,1.27177701,,,
2021-06-30,NYY,0.85863095,,,
2021-06-30,CIN,1.03030303,,,
2021-06-30,HOU,0.39658444,,,
2021-06-30,WSN,1.29583333,,,
2021-06-30,CLE,0.94230769,,,
2021-06-30,TOR,0.90412486,,,
2021-06-30,ATL,1.3772093,,,
2021-06-30,COL,0.99278846,,,
2021-06-30,BOS,0.81428571,,,
2021-06-30,MIL,1.12825059,,,
2021-06-30,OAK,0.48571429,,,
2021-06-30,PHI,0.83484848,,,
2021-07-01,COL,0.74573055,,,
2021-07-01,CHW,1.12473868,,,
2021-07-01,PIT,0.55587121,,,
2021-07-01,ATL,0.7443609,,,
2021-07-01,BOS,1.35321637,,,
2021-07-01,WSN,0.67507003,,,
2021-07-01,TOR,0.67965368,,,
2021-07-01,CIN,1.04866562,,,
2021-07-01,ARI,0.90417457,,,
2021-07-01,OAK,0.53947368,,,
2021-07-01,CLE,0.58238884,,,
2021-07-02,DET,0.6271777,,,
2021-07-02,LAA,0.96959459,,,
2021-07-02,WSN,0.48566748,,,
2021-07-02,CIN,0.37857143,,,
2021-07-02,COL,0.73822302,,,
2021-07-02,SEA,0.81653746,,,
2021-07-02,CLE,0.86153846,,,
2021-07-02,PHI,0.47272727,,,
2021-07-02,TOR,0.98483849,,,
2021-07-02,KCR,1.0491453,,,
2021-07-02,OAK,0.47445887,,,
2021-07-02,PIT,0.57972351,,,
2021-07-02,ATL,0.25241379,,,
2021-07-02,ARI,0.69123669,,,
2021-07-03,ARI,0.69473684,,,
2021-07-03,WSN,0.57603687,,,
2021-07-03,KCR,0.84498208,,,
2021-07-03,CLE,0.46941046,,,
2021-07-03,NYY,0.39354839,,,
2021-07-03,LAA,0.73283706,,,
2021-07-03,PIT,0.58359133,,,
2021-07-03,ATL,0.56862745,,,
2021-07-03,COL,0.62962963,,,
2021-07-03,PHI,0.95686274,,,
2021-07-03,DET,1.04375,,,
2021-07-03,OAK,0.87037037,,,
2021-07-03,SEA,0.60197368,,,
2021-07-03,TOR,0.66177908,,,
2021-07-03,CIN,0.66190476,,,
2021-07-04,CLE,0.54010695,,,
2021-07-04,NYY,0.61803714,,,
2021-07-04,COL,0.64495798,,,
2021-07-04,PHI,0.66428571,,,
2021-07-04,ARI,0.5060606,,,
2021-07-04,CIN,0.59019608,,,
2021-07-04,KCR,0.41607143,,,
2021-07-04,WSN,0.64611006,,,
2021-07-04,SEA,0.62619047,,,
2021-07-04,TOR,0.5,,,
2021-07-04,ATL,0.90870871,,,
2021-07-04,NYY,0.67261905,,,
2021-07-04,OAK,0.33491461,,,
2021-07-04,DET,0.79567099,,,
2021-07-04,LAA,0.89215686,,,
2021-07-04,PIT,0.54056795,,,
2021-07-05,TEX,0.63636363,,,
2021-07-05,TBR,0.98220172,,,
2021-07-05,SDP,0.72381635,,,
2021-07-05,PIT,1.11470007,,,
2021-07-05,CHC,0.74025974,,,
2021-07-05,LAA,0.77067669,,,
2021-07-05,MIA,0.73809524,,,
2021-07-05,MIN,1.07730263,,,
2021-07-05,KCR,0.56438792,,,
2021-07-05,SFG,0.53839286,,,
2021-07-05,NYM,0.56296297,,,
2021-07-06,TEX,1.11071429,,,
2021-07-06,MIN,0.5,,,
2021-07-06,SEA,0.40625,,,
2021-07-06,BAL,0.97008547,,,
2021-07-06,KCR,0.65347985,,,
2021-07-06,SFG,0.74210526,,,
2021-07-06,MIA,0.57777778,,,
2021-07-06,HOU,0.91239316,,,
2021-07-06,ARI,0.68585526,,,
2021-07-06,SDP,0.9502924,,,
2021-07-06,CHC,1.03875969,,,
2021-07-06,LAA,0.94718615,,,
2021-07-06,PIT,0.76509512,,,
2021-07-07,MIN,0.5530303,,,
2021-07-07,BAL,0.69504644,,,
2021-07-07,HOU,0.48275862,,,
2021-07-07,SDP,0.88636364,,,
2021-07-07,PIT,0.93409091,,,
2021-07-07,LAA,0.9117647,,,
2021-07-07,NYM,0.79202586,,,
2021-07-07,CHC,0.67698413,,,
2021-07-07,SEA,0.46862745,,,
2021-07-07,TBR,1.07714286,,,
2021-07-07,KCR,0.56674856,,,
2021-07-07,NYM,0.37636364,,,
2021-07-07,SFG,0.85213415,,,
2021-07-07,TBR,0.77931034,,,
2021-07-07,TEX,0.75444016,,,
2021-07-07,ARI,0.72053571,,,
2021-07-07,MIA,0.98916408,,,
2021-07-08,SEA,0.70856507,,,
2021-07-08,CHC,0.40909091,,,
2021-07-08,ARI,0.59379968,,,
2021-07-08,CLE,0.96323529,,,
2021-07-08,SDP,0.9063942,,,
2021-07-08,MIL,0.87207208,,,
2021-07-08,HOU,0.50048876,,,
2021-07-08,MIN,0.6637931,,,
2021-07-08,MIA,0.60130719,,,
2021-07-09,MIN,0.47222222,,,
2021-07-09,BAL,0.58151261,,,
2021-07-09,LAD,0.54107143,,,
2021-07-09,TBR,0.70833333,,,
2021-07-09,MIL,0.67836812,,,
2021-07-09,CHC,1.03174603,,,
2021-07-09,SEA,0.75291375,,,
2021-07-09,BOS,1.17719299,,,
2021-07-09,SFG,0.94891775,,,
2021-07-09,CLE,0.56696429,,,
2021-07-09,TEX,0.49768519,,,
2021-07-09,HOU,0.32291667,,,
2021-07-09,NYM,1.06108597,,,
2021-07-09,SDP,0.81935484,,,
2021-07-09,MIA,0.23271889,,,
2021-07-10,SFG,0.98498498,,,
2021-07-10,SDP,0.42688172,,,
2021-07-10,BOS,0.54444445,,,
2021-07-10,HOU,0.2647386,,,
2021-07-10,MIN,0.85520362,,,
2021-07-10,LAD,1.6796741,,,
2021-07-10,NYM,0.60714286,,,
2021-07-10,CHC,0.45404412,,,
2021-07-10,TBR,0.93914808,,,
2021-07-10,SEA,0.62352941,,,
2021-07-10,BAL,0.59803921,,,
2021-07-10,NYM,0.83602151,,,
2021-07-10,CLE,1.35622593,,,
2021-07-10,MIL,0.73844812,,,
2021-07-10,TEX,0.69444444,,,
2021-07-10,MIA,0.70242915,,,
2021-07-11,HOU,0.99841017,,,
2021-07-11,SEA,0.36190476,,,
2021-07-11,BOS,0.82531312,,,
2021-07-11,MIL,0.47222223,,,
2021-07-11,SFG,0.75294118,,,
2021-07-11,SDP,0.46862745,,,
2021-07-11,MIN,1.0346908,,,
2021-07-11,TEX,0.42884251,,,
2021-07-11,NYM,0.79665071,,,
2021-07-11,MIA,0.99642857,,,
2021-07-11,LAD,0.94087838,,,
2021-07-11,BAL,0.57352941,,,
2021-07-11,TBR,0.36236559,,,
2021-07-16,PIT,0.88658009,,,
2021-07-16,TOR,1.13312693,,,
2021-07-16,KCR,0.99292149,,,
2021-07-16,LAA,0.76089744,,,
2021-07-16,PHI,0.71264367,,,
2021-07-16,ATL,0.77732558,,,
2021-07-16,COL,0.71191554,,,
2021-07-16,PHI,0.31018519,,,
2021-07-16,WSN,1.03889255,,,
2021-07-16,STL,0.74423204,,,
2021-07-16,OAK,0.94256757,,,
2021-07-16,NYY,0.31515151,,,
2021-07-16,CIN,0.78125,,,
2021-07-16,CHW,0.36818687,,,
2021-07-16,ARI,0.63686636,,,
2021-07-17,NYY,0.85507246,,,
2021-07-17,LAA,1.0951417,,,
2021-07-17,OAK,0.59703947,,,
2021-07-17,WSN,0.79638009,,,
2021-07-17,STL,0.67741935,,,
2021-07-17,COL,0.38181818,,,
2021-07-17,PIT,0.97123623,,,
2021-07-17,CHW,1.30952381,,,
2021-07-17,ARI,0.41843318,,,
2021-07-17,DET,0.52592593,,,
2021-07-17,CIN,0.50990991,,,
2021-07-17,ATL,1.03508772,,,
2021-07-17,DET,0.69666667,,,
2021-07-17,PHI,0.65277778,,,
2021-07-17,KCR,0.60990712,,,
2021-07-18,KCR,0.49242424,,,
2021-07-18,OAK,0.45416667,,,
2021-07-18,TOR,0.81333333,,,
2021-07-18,ATL,0.76739927,,,
2021-07-18,COL,0.58974359,,,
2021-07-18,PHI,1.11738351,,,
2021-07-18,NYY,0.96140351,,,
2021-07-18,TOR,1.18700265,,,
2021-07-18,DET,0.89215686,,,
2021-07-18,STL,0.53615128,,,
2021-07-18,WSN,1.11928651,,,
2021-07-18,ARI,1,,,
2021-07-18,CIN,0.33806818,,,
2021-07-18,CHW,0.79019608,,,
2021-07-18,PIT,0.80075425,,,
2021-07-18,LAA,0.73333333,,,
2021-07-19,STL,0.82193959,,,
2021-07-19,WSN,1.47727273,,,
2021-07-19,DET,1.19421713,,,
2021-07-19,CHW,0.84090909,,,
2021-07-19,LAD,0.60483871,,,
2021-07-19,TBR,0.46470588,,,
2021-07-19,HOU,0.75757575,,,
2021-07-19,ARI,1.11868687,,,
2021-07-19,CIN,0.80596491,,,
2021-07-19,CHW,0.49461207,,,
2021-07-19,OAK,0.77798862,,,
2021-07-19,TOR,0.81611722,,,
2021-07-20,ARI,0.93902439,,,
2021-07-20,TBR,0.89379085,,,
2021-07-20,MIL,0.59967321,,,
2021-07-20,OAK,0.7030303,,,
2021-07-20,COL,1.0123839,,,
2021-07-20,CIN,1.06630824,,,
2021-07-20,HOU,1.17222222,,,
2021-07-20,ATL,0.56034483,,,
2021-07-20,STL,0.85704125,,,
2021-07-20,NYY,1.16625717,,,
2021-07-20,LAD,1.07692308,,,
2021-07-20,DET,0.8030303,,,
2021-07-20,CHW,0.93382353,,,
2021-07-20,WSN,0.93966817,,,
2021-07-21,WSN,0.48239148,,,
2021-07-21,CIN,0.14048532,,,
2021-07-21,HOU,0.6060606,,,
2021-07-21,ATL,0.43230769,,,
2021-07-21,ARI,1.11236803,,,
2021-07-21,DET,0.82473119,,,
2021-07-21,LAD,0.41515151,,,
2021-07-21,TBR,0.87619047,,,
2021-07-21,COL,0.66666666,,,
2021-07-21,TOR,0.67463235,,,
2021-07-21,STL,0.74473684,,,
2021-07-21,MIL,0.48294931,,,
2021-07-21,NYY,0.78590785,,,
2021-07-21,CHW,0.75289575,,,
2021-07-21,ATL,0.77150538,,,
2021-07-22,BOS,0.58998023,,,
2021-07-22,SEA,0.45437788,,,
2021-07-22,DET,0.93087558,,,
2021-07-22,MIA,0.51111111,,,
2021-07-22,LAD,0.57352941,,,
2021-07-22,CLE,0.5010453,,,
2021-07-22,MIN,0.57272727,,,
2021-07-22,PHI,0.63063063,,,
2021-07-22,STL,0.78781512,,,
2021-07-23,SFG,0.88755981,,,
2021-07-23,CIN,0.96581197,,,
2021-07-23,KCR,0.74553571,,,
2021-07-23,MIN,0.8911197,,,
2021-07-23,CLE,0.81578947,,,
2021-07-23,MIA,0.69949495,,,
2021-07-23,HOU,0.66093366,,,
2021-07-23,PHI,0.81272401,,,
2021-07-23,LAD,0.78333333,,,
2021-07-23,NYM,0.6950431,,,
2021-07-23,BAL,0.71875,,,
2021-07-23,SEA,0.72434017,,,
2021-07-23,BOS,0.86458333,,,
2021-07-23,MIL,0.83589744,,,
2021-07-23,CHC,1.0030426,,,
2021-07-24,BOS,0.6722973,,,
2021-07-24,LAD,0.46428572,,,
2021-07-24,KCR,0.93055556,,,
2021-07-24,HOU,0.775,,,
2021-07-24,BAL,0.86969697,,,
2021-07-24,CHC,0.68138528,,,
2021-07-24,NYM,0.84268884,,,
2021-07-24,SFG,0.50244379,,,
2021-07-24,MIA,0.61917563,,,
2021-07-24,CLE,0.44919786,,,
2021-07-24,MIN,0.29418103,,,
2021-07-24,PHI,0.63558106,,,
2021-07-24,SEA,0.76182432,,,
2021-07-24,CIN,0.81818181,,,
2021-07-24,MIL,0.89411765,,,
2021-07-25,CHC,0.84077079,,,
2021-07-25,PHI,0.64285714,,,
2021-07-25,MIA,1.11071429,,,
2021-07-25,MIN,0.528463,,,
2021-07-25,LAD,0.84250475,,,
2021-07-25,BAL,0.94175627,,,
2021-07-25,NYM,0.83030303,,,
2021-07-25,HOU,0.60258065,,,
2021-07-25,SEA,0.57619047,,,
2021-07-25,BOS,0.46941046,,,
2021-07-25,CIN,0.85144928,,,
2021-07-25,MIL,0.61312741,,,
2021-07-25,SFG,1.04832105,,,
2021-07-25,KCR,0.86189516,,,
2021-07-25,CLE,0.6060606,,,
2021-07-26,MIN,0.97532315,,,
2021-07-26,PHI,0.96907994,,,
2021-07-26,NYM,0.51923077,,,
2021-07-26,CHC,1.04719562,,,
2021-07-26,SEA,0.87837838,,,
2021-07-26,NYM,0.69397994,,,
2021-07-26,LAA,0.82770562,,,
2021-07-26,KCR,0.93643264,,,
2021-07-26,BOS,0.87410714,,,
2021-07-27,PHI,0.78648649,,,
2021-07-27,SFG,0.5625,,,
2021-07-27,CLE,0.50909091,,,
2021-07-27,TEX,0.75768872,,,
2021-07-27,CHC,0.95408895,,,
2021-07-27,LAA,0.68432055,,,
2021-07-27,PIT,0.32083333,,,
2021-07-27,SDP,0.94771242,,,
2021-07-27,NYM,0.84356725,,,
2021-07-27,KCR,0.47575757,,,
2021-07-27,BAL,0.75714286,,,
2021-07-27,SEA,0.76944444,,,
2021-07-27,TBR,0.75961538,,,
2021-07-27,MIN,0.72136752,,,
2021-07-28,PIT,0.64393939,,,
2021-07-28,CHC,0.59141495,,,
2021-07-28,SFG,0.37341153,,,
2021-07-28,CLE,1.19310345,,,
2021-07-28,BAL,0.9733871,,,
2021-07-28,TBR,0.29642857,,,
2021-07-28,LAA,1.01478197,,,
2021-07-28,BOS,0.54509284,,,
2021-07-28,MIN,1.35430917,,,
2021-07-28,NYM,0.61175115,,,
2021-07-28,KCR,0.56951871,,,
2021-07-28,SDP,0.57518797,,,
2021-07-28,BOS,1.08124253,,,
2021-07-28,TEX,0.47857143,,,
2021-07-28,SEA,0.75714286,,,
2021-07-29,KCR,0.89493087,,,
2021-07-29,DET,1.00079745,,,
2021-07-29,TBR,1.11246612,,,
2021-07-29,PIT,0.24507389,,,
2021-07-29,SDP,0.84375,,,
2021-07-29,PHI,1.14177979,,,
2021-07-29,PHI,0.58741259,,,
2021-07-29,SFG,0.83223684,,,
2021-07-29,LAA,0.30588235,,,
2021-07-29,NYM,0.82357357,,,
2021-07-29,CHC,0.82536765,,,
2021-07-29,BOS,0.43274854,,,
2021-07-30,TEX,0.75798319,,,
2021-07-30,WSN,0.91544118,,,
2021-07-30,ARI,0.80966073,,,
2021-07-30,DET,0.63063063,,,
2021-07-30,ATL,0.75897436,,,
2021-07-30,LAA,0.50802139,,,
2021-07-30,NYM,0.60858586,,,
2021-07-30,STL,0.67816092,,,
2021-07-30,TOR,0.95138889,,,
2021-07-30,SDP,0.69196429,,,
2021-07-30,TBR,1.04489164,,,
2021-07-30,CHW,0.86414566,,,
2021-07-30,PIT,0.96963825,,,
2021-07-30,SFG,0.74357405,,,
2021-07-30,MIA,0.53259142,,,
2021-07-31,NYM,0.62745098,,,
2021-07-31,LAA,0.39354839,,,
2021-07-31,SDP,0.69932432,,,
2021-07-31,WSN,0.56220095,,,
2021-07-31,SFG,1.2498352,,,
2021-07-31,ARI,0.63959955,,,
2021-07-31,TBR,0.85864661,,,
2021-07-31,CHW,1.10893513,,,
2021-07-31,TOR,0.64827586,,,
2021-07-31,ATL,0.96756757,,,
2021-07-31,DET,0.50154799,,,
2021-07-31,PIT,0.53274682,,,
2021-07-31,STL,0.43137255,,,
2021-07-31,MIA,0.40762463,,,
2021-07-31,TEX,0.65625,,,
2021-08-01,NYM,0.36818687,,,
2021-08-01,ATL,0.48529412,,,
2021-08-01,SFG,0.93392857,,,
2021-08-01,TOR,0.87860781,,,
2021-08-01,SDP,0.90962838,,,
2021-08-01,TBR,0.61149426,,,
2021-08-01,TEX,0.81818182,,,
2021-08-01,PIT,0.58333333,,,
2021-08-01,ARI,0.29462365,,,
2021-08-01,MIA,0.41875,,,
2021-08-01,STL,0.98116299,,,
2021-08-01,WSN,1.03821063,,,
2021-08-01,LAA,0.54242424,,,
2021-08-01,DET,0.73333333,,,
2021-08-01,CHW,0.50608519,,,
2021-08-02,TOR,0.5225564,,,
2021-08-02,TBR,0.62077922,,,
2021-08-02,MIA,0.67095588,,,
2021-08-02,ARI,0.77056277,,,
2021-08-02,MIL,0.77123552,,,
2021-08-02,NYY,0.44015444,,,
2021-08-02,WSN,0.69265233,,,
2021-08-02,TEX,0.55436082,,,
2021-08-03,CHW,0.73571428,,,
2021-08-03,WSN,0.58455598,,,
2021-08-03,ARI,0.76140351,,,
2021-08-03,MIA,0.88831169,,,
2021-08-03,MIL,0.68694096,,,
2021-08-03,NYY,1.08421053,,,
2021-08-03,OAK,0.67171717,,,
2021-08-03,DET,0.75686274,,,
2021-08-03,TEX,0.56190476,,,
2021-08-03,COL,1.13346883,,,
2021-08-03,CIN,0.91255961,,,
2021-08-03,STL,0.53743315,,,
2021-08-03,TOR,0.98606811,,,
2021-08-03,LAD,0.39475839,,,
2021-08-03,TBR,0.58080808,,,
2021-08-04,CHW,0.42083333,,,
2021-08-04,MIL,0.70036765,,,
2021-08-04,ARI,0.43087121,,,
2021-08-04,TOR,0.90988836,,,
2021-08-04,TBR,0.7012987,,,
2021-08-04,LAD,1.04832105,,,
2021-08-04,WSN,0.80882353,,,
2021-08-04,TEX,0.50907258,,,
2021-08-04,CIN,0.86666667,,,
2021-08-04,COL,0.76709956,,,
2021-08-04,NYY,0.96785714,,,
2021-08-04,DET,0.60197368,,,
2021-08-04,STL,0.62280701,,,
2021-08-04,OAK,0.73397436,,,
2021-08-04,MIA,0.58823529,,,
2021-08-05,CIN,0.87878788,,,
2021-08-05,COL,1.18137255,,,
2021-08-05,TOR,0.51034483,,,
2021-08-05,STL,0.68796068,,,
2021-08-05,TEX,0.38482143,,,
2021-08-05,NYY,0.8058968,,,
2021-08-05,CHW,0.56964286,,,
2021-08-05,DET,0.99572649,,,
2021-08-05,WSN,0.79761905,,,
2021-08-05,HOU,0.58088235,,,
2021-08-05,ARI,0.53174603,,,
2021-08-05,MIA,0.64367816,,,
2021-08-06,TOR,1.20454545,,,
2021-08-06,HOU,0.64723321,,,
2021-08-06,CHC,0.76386404,,,
2021-08-06,OAK,0.5475382,,,
2021-08-06,NYY,0.50555555,,,
2021-08-06,ATL,0.78235294,,,
2021-08-06,COL,1.425,,,
2021-08-06,STL,0.90132828,,,
2021-08-06,PHI,0.88367546,,,
2021-08-06,CLE,0.94883041,,,
2021-08-06,SDP,0.70294118,,,
2021-08-06,BAL,1.05595238,,,
2021-08-06,CIN,1.05128205,,,
2021-08-06,MIL,0.50244379,,,
2021-08-06,LAD,0.62732558,,,
2021-08-07,LAD,0.78787878,,,
2021-08-07,SDP,0.92153444,,,
2021-08-07,BAL,0.62077922,,,
2021-08-07,HOU,0.74777183,,,
2021-08-07,CHC,0.39338235,,,
2021-08-07,TOR,0.51666667,,,
2021-08-07,COL,0.93484848,,,
2021-08-07,OAK,1.18421053,,,
2021-08-07,MIL,0.75,,,
2021-08-07,NYY,0.89420849,,,
2021-08-07,CLE,0.64082503,,,
2021-08-07,ATL,0.50982143,,,
2021-08-07,PHI,0.90803571,,,
2021-08-07,CIN,1.25757576,,,
2021-08-07,STL,0.87415541,,,
2021-08-07,TOR,0.39285714,,,
2021-08-08,HOU,0.85520362,,,
2021-08-08,COL,1.21794871,,,
2021-08-08,TOR,0.89473684,,,
2021-08-08,ATL,0.65913978,,,
2021-08-08,CHC,0.46212121,,,
2021-08-08,BAL,0.98220172,,,
2021-08-08,SDP,0.72365591,,,
2021-08-08,STL,0.81254404,,,
2021-08-08,PHI,0.73280423,,,
2021-08-08,LAD,0.93055556,,,
2021-08-08,CLE,0.91353383,,,
2021-08-08,MIL,0.56964286,,,
2021-08-08,NYY,0.50159489,,,
2021-08-08,OAK,0.92105263,,,
2021-08-08,CIN,0.6060606,,,
2021-08-09,SDP,0.89444444,,,
2021-08-09,CLE,1.15749129,,,
2021-08-09,KCR,0.59693878,,,
2021-08-09,MIN,0.32311622,,,
2021-08-10,CHC,0.65409483,,,
2021-08-10,TOR,0.85138248,,,
2021-08-10,MIN,0.65320197,,,
2021-08-10,BAL,0.83233082,,,
2021-08-10,SFG,0.83807588,,,
2021-08-10,NYM,0.88193456,,,
2021-08-10,CHC,0.71543779,,,
2021-08-10,LAA,0.45833333,,,
2021-08-10,CLE,0.51981352,,,
2021-08-10,SDP,0.83006536,,,
2021-08-10,ATL,0.62463054,,,
2021-08-10,KCR,0.96785714,,,
2021-08-10,PHI,0.44464286,,,
2021-08-10,BOS,0.77293233,,,
2021-08-10,HOU,0.74820788,,,
2021-08-10,PIT,0.29177718,,,
2021-08-10,SEA,0.79620563,,,
2021-08-11,ATL,0.73149237,,,
2021-08-11,KCR,0.48529412,,,
2021-08-11,SEA,0.66111111,,,
2021-08-11,PHI,0.48529412,,,
2021-08-11,BOS,1.35175203,,,
2021-08-11,HOU,0.82905982,,,
2021-08-11,SFG,1.18318319,,,
2021-08-11,PIT,0.14285714,,,
2021-08-11,MIN,0.62843489,,,
2021-08-11,LAA,0.46464646,,,
2021-08-11,BAL,0.68721804,,,
2021-08-11,CHC,0.26666666,,,
2021-08-11,SDP,0.37878788,,,
2021-08-11,CLE,0.4512987,,,
2021-08-12,CLE,0.33640553,,,
2021-08-12,ARI,1.05263158,,,
2021-08-12,SEA,0.73387097,,,
2021-08-12,PHI,0.54050926,,,
2021-08-12,BOS,0.26843318,,,
2021-08-12,LAA,0.9163034,,,
2021-08-12,NYM,0.98399015,,,
2021-08-12,PIT,0.8991228,,,
2021-08-12,BAL,0.81432748,,,
2021-08-12,CHW,1.03885135,,,
2021-08-12,NYM,1.05788177,,,
2021-08-12,SFG,0.73364055,,,
2021-08-12,CHC,0.71492922,,,
2021-08-12,ATL,0.54887218,,,
2021-08-13,ARI,0.85898617,,,
2021-08-13,MIA,1.10584416,,,
2021-08-13,LAA,0.31754032,,,
2021-08-13,WSN,0.67543859,,,
2021-08-13,DET,0.6697479,,,
2021-08-13,MIN,0.73099415,,,
2021-08-13,SEA,0.62745098,,,
2021-08-13,KCR,0.38104839,,,
2021-08-13,PHI,0.40056818,,,
2021-08-13,NYM,0.54780362,,,
2021-08-13,SFG,0.87032967,,,
2021-08-13,TEX,0.86071429,,,
2021-08-13,BOS,1.07647059,,,
2021-08-14,TEX,0.62908497,,,
2021-08-14,CHW,0.88176034,,,
2021-08-14,BOS,1.49641148,,,
2021-08-14,LAA,0.67619047,,,
2021-08-14,PIT,1.36117216,,,
2021-08-14,SFG,0.5199241,,,
2021-08-14,WSN,0.42810457,,,
2021-08-14,NYM,0.39507154,,,
2021-08-14,PHI,0.87191651,,,
2021-08-14,ARI,1.17374517,,,
2021-08-14,DET,0.77598566,,,
2021-08-14,MIN,1.26666667,,,
2021-08-14,MIA,0.59893048,,,
2021-08-14,PIT,0.35230769,,,
2021-08-14,KCR,0.72635135,,,
2021-08-14,SEA,1.03853046,,,
2021-08-15,SEA,0.61300309,,,
2021-08-15,MIA,0.77896613,,,
2021-08-15,TEX,0.89772727,,,
2021-08-15,PIT,0.31754032,,,
2021-08-15,ARI,0.65,,,
2021-08-15,DET,0.07142858,,,
2021-08-15,CHW,0.78018576,,,
2021-08-15,WSN,0.76363636,,,
2021-08-15,NYM,0.48088235,,,
2021-08-15,KCR,0.66872587,,,
2021-08-15,PHI,0.65396341,,,
2021-08-15,LAA,0.66911765,,,
2021-08-15,MIN,0.62768031,,,
2021-08-15,SFG,0.72474747,,,
2021-08-15,BOS,0.86348684,,,
2021-08-16,MIN,1.03333333,,,
2021-08-16,LAD,0.70982143,,,
2021-08-16,CIN,1.18096357,,,
2021-08-16,KCR,0.92105263,,,
2021-08-16,SFG,1.1006006,,,
2021-08-16,MIA,0.50439883,,,
2021-08-16,COL,0.92540323,,,
2021-08-16,NYY,0.63027296,,,
2021-08-16,TBR,1.23333333,,,
2021-08-16,CHW,0.80824373,,,
2021-08-17,CIN,0.51520738,,,
2021-08-17,TEX,0.49337121,,,
2021-08-17,COL,0.99699248,,,
2021-08-17,NYY,0.76223776,,,
2021-08-17,DET,0.5247678,,,
2021-08-17,STL,0.33491461,,,
2021-08-17,CHW,0.95356037,,,
2021-08-17,LAD,0.79447004,,,
2021-08-17,WSN,1.05438596,,,
2021-08-17,MIA,0.33147942,,,
2021-08-17,SFG,0.62619047,,,
2021-08-17,MIN,0.39047619,,,
2021-08-17,TBR,0.93741109,,,
2021-08-17,KCR,0.7204301,,,
2021-08-17,NYY,0.91025641,,,
2021-08-17,ARI,0.71458333,,,
2021-08-18,ARI,0.81499202,,,
2021-08-18,WSN,1.04264706,,,
2021-08-18,TBR,0.95417591,,,
2021-08-18,CIN,0.60089286,,,
2021-08-18,CHW,0.65535714,,,
2021-08-18,DET,0.48387097,,,
2021-08-18,KCR,0.69032258,,,
2021-08-18,SFG,0.43956639,,,
2021-08-18,MIA,0.79314565,,,
2021-08-18,TEX,0.62834224,,,
2021-08-18,COL,0.94718615,,,
2021-08-18,LAD,1.06666667,,,
2021-08-18,NYY,0.61801802,,,
2021-08-18,STL,0.6076555,,,
2021-08-18,MIN,0.72002033,,,
2021-08-19,TEX,0.70571096,,,
2021-08-19,NYY,0.87272727,,,
2021-08-19,LAD,0.57603687,,,
2021-08-19,TBR,0.74504505,,,
2021-08-19,ARI,0.66834677,,,
2021-08-19,STL,0.97285067,,,
2021-08-19,DET,1.03062961,,,
2021-08-19,CHW,0.66785714,,,
2021-08-19,CIN,0.85529954,,,
2021-08-19,KCR,0.5530303,,,
2021-08-20,CHC,0.48541667,,,
2021-08-20,CIN,0.76470588,,,
2021-08-20,MIL,0.40266963,,,
2021-08-20,OAK,0.56078432,,,
2021-08-20,TOR,0.58761988,,,
2021-08-20,TBR,0.48455598,,,
2021-08-20,COL,1.15785907,,,
2021-08-20,BAL,0.31034482,,,
2021-08-20,BOS,0.95413596,,,
2021-08-20,STL,0.61111111,,,
2021-08-20,SDP,0.61520738,,,
2021-08-20,NYY,1.08841463,,,
2021-08-20,HOU,1.35700817,,,
2021-08-20,LAD,0.44137931,,,
2021-08-20,CLE,1.05724509,,,
2021-08-21,BOS,0.44242424,,,
2021-08-21,LAD,0.87191651,,,
2021-08-21,TBR,0.90779014,,,
2021-08-21,OAK,0.63233082,,,
2021-08-21,CIN,0.85057471,,,
2021-08-21,SDP,0.40656565,,,
2021-08-21,NYY,0.74856674,,,
2021-08-21,MIL,0.925,,,
2021-08-21,HOU,1.21804511,,,
2021-08-21,COL,0.67095588,,,
2021-08-21,TOR,0.71494253,,,
2021-08-21,BAL,0.83333333,,,
2021-08-21,STL,0.62432432,,,
2021-08-21,CHC,0.24285714,,,
2021-08-21,CLE,1.0535445,,,
2021-08-22,CIN,0.86175115,,,
2021-08-22,HOU,0.70551258,,,
2021-08-22,SDP,0.69949495,,,
2021-08-22,TOR,0.59821429,,,
2021-08-22,MIL,1.1,,,
2021-08-22,COL,0.6491228,,,
2021-08-22,CLE,0.66056034,,,
2021-08-22,TBR,0.93966817,,,
2021-08-22,CHC,0.42884251,,,
2021-08-22,BAL,0.70833333,,,
2021-08-22,LAD,0.4056696,,,
2021-08-22,STL,0.84712838,,,
2021-08-22,OAK,0.59803921,,,
2021-08-23,PIT,0.87412588,,,
2021-08-23,HOU,0.58851674,,,
2021-08-23,CHC,0.84712838,,,
2021-08-23,ATL,0.54746544,,,
2021-08-23,BOS,0.79186603,,,
2021-08-23,OAK,0.61837121,,,
2021-08-23,TOR,0.42688172,,,
2021-08-24,BAL,1.04984094,,,
2021-08-24,CLE,0.66470588,,,
2021-08-24,STL,0.60829494,,,
2021-08-24,SDP,0.48333333,,,
2021-08-24,PIT,0.9894958,,,
2021-08-24,NYM,0.42884251,,,
2021-08-24,ATL,0.65309201,,,
2021-08-24,MIL,0.87837838,,,
2021-08-24,OAK,0.57189543,,,
2021-08-24,TOR,0.6879085,,,
2021-08-24,BOS,1.18970588,,,
2021-08-24,HOU,0.63260135,,,
2021-08-24,PHI,0.43087121,,,
2021-08-24,MIA,0.52184874,,,
2021-08-25,PIT,0.55727554,,,
2021-08-25,CHC,0.68403548,,,
2021-08-25,CLE,1.02782194,,,
2021-08-25,STL,0.63305322,,,
2021-08-25,SDP,0.34773013,,,
2021-08-25,BAL,1.03989813,,,
2021-08-25,NYM,0.69195046,,,
2021-08-25,MIL,0.59014778,,,
2021-08-25,CHC,1.06410256,,,
2021-08-25,TOR,0.63888889,,,
2021-08-25,BOS,0.93913904,,,
2021-08-25,PHI,0.74673203,,,
2021-08-25,MIA,0.82936508,,,
2021-08-25,HOU,0.86363636,,,
2021-08-26,BOS,1.00432901,,,
2021-08-26,SEA,0.81904762,,,
2021-08-26,PIT,1.14011628,,,
2021-08-26,OAK,0.77828055,,,
2021-08-26,TOR,0.75743243,,,
2021-08-26,NYM,0.79266347,,,
2021-08-26,SDP,0.33370411,,,
2021-08-26,MIL,0.68095238,,,
2021-08-26,CLE,1.15508365,,,
2021-08-26,MIA,0.79447004,,,
2021-08-26,BAL,1.11829837,,,
2021-08-26,PHI,0.66409267,,,
2021-08-27,NYM,0.46129032,,,
2021-08-27,TEX,0.83717949,,,
2021-08-27,OAK,0.58049535,,,
2021-08-27,CLE,0.73161765,,,
2021-08-27,ATL,0.77896613,,,
2021-08-27,LAA,0.25625,,,
2021-08-27,PHI,0.76542553,,,
2021-08-27,SEA,0.60336342,,,
2021-08-27,MIA,0.55502846,,,
2021-08-27,MIN,0.72995391,,,
2021-08-27,BAL,0.78801169,,,
2021-08-27,LAD,0.54545454,,,
2021-08-27,DET,0.61290322,,,
2021-08-27,CHW,1.13414634,,,
2021-08-27,PIT,0.67543859,,,
2021-08-28,OAK,0.59803921,,,
2021-08-28,BAL,0.60035843,,,
2021-08-28,CHW,0.39116379,,,
2021-08-28,LAD,0.7989418,,,
2021-08-28,CLE,0.71794871,,,
2021-08-28,MIA,0.90540541,,,
2021-08-28,NYM,0.95989305,,,
2021-08-28,LAA,1.06136364,,,
2021-08-28,DET,0.34150326,,,
2021-08-28,TEX,0.50982143,,,
2021-08-28,ATL,0.46926407,,,
2021-08-28,PIT,0.42884251,,,
2021-08-28,PHI,1.09640523,,,
2021-08-28,MIN,0.71594982,,,
2021-08-28,SEA,0.69924812,,,
2021-08-29,OAK,0.64920635,,,
2021-08-29,PHI,0.92105263,,,
2021-08-29,MIA,0.50222222,,,
2021-08-29,TEX,1.16507177,,,
2021-08-29,MIN,0.50891265,,,
2021-08-29,BAL,0.95,,,
2021-08-29,DET,0.5,,,
2021-08-29,SEA,0.63137255,,,
2021-08-29,PIT,0.49242424,,,
2021-08-29,NYM,1.02725968,,,
2021-08-29,CHW,1.25407926,,,
2021-08-29,LAD,0.30588235,,,
2021-08-29,CLE,0.91086587,,,
2021-08-29,ATL,1.09890109,,,
2021-08-30,LAA,0.93686869,,,
2021-08-30,LAD,1.00952381,,,
2021-08-30,WSN,0.71568627,,,
2021-08-30,TEX,0.97849462,,,
2021-08-30,SEA,0.66420966,,,
2021-08-30,CIN,0.325,,,
2021-08-30,DET,0.61764706,,,
2021-08-30,SFG,0.47860962,,,
2021-08-30,TBR,0.79924242,,,
2021-08-30,ARI,0.62321145,,,
2021-08-30,TOR,0.77180527,,,
2021-08-31,NYM,0.91511387,,,
2021-08-31,KCR,0.47575757,,,
2021-08-31,ARI,0.25625,,,
2021-08-31,TOR,0.66420966,,,
2021-08-31,LAD,0.69359605,,,
2021-08-31,TEX,0.73571428,,,
2021-08-31,LAA,0.61666667,,,
2021-08-31,WSN,0.83155248,,,
2021-08-31,SEA,0.63387424,,,
2021-08-31,TBR,0.66915191,,,
2021-08-31,CHW,0.77687627,,,
2021-08-31,SFG,0.74003189,,,
2021-08-31,DET,0.87134503,,,
2021-08-31,MIN,0.66543779,,,
2021-09-01,TBR,0.73958333,,,
2021-09-01,SFG,0.68627451,,,
2021-09-01,TEX,0.71785714,,,
2021-09-01,CIN,1.44454799,,,
2021-09-01,DET,0.98606811,,,
2021-09-01,CHW,1.02711324,,,
2021-09-01,SEA,0.36538462,,,
2021-09-01,KCR,0.45804196,,,
2021-09-01,TOR,0.88235294,,,
2021-09-01,LAA,0.32258065,,,
2021-09-01,MIN,0.25892857,,,
2021-09-01,CIN,0.74712643,,,
2021-09-01,LAD,0.81024668,,,
2021-09-01,ARI,0.97727273,,,
2021-09-02,TBR,0.37341153,,,
2021-09-02,COL,0.63865547,,,
2021-09-02,SFG,0.64242424,,,
2021-09-02,KCR,0.45751634,,,
2021-09-02,DET,0.90903098,,,
2021-09-02,CHC,0.85007422,,,
2021-09-02,NYM,0.66666666,,,
2021-09-02,WSN,0.83082707,,,
2021-09-03,LAA,0.65686274,,,
2021-09-03,TOR,1.01547987,,,
2021-09-03,TBR,0.51612904,,,
2021-09-03,WSN,0.61609907,,,
2021-09-03,SDP,0.64167393,,,
2021-09-03,MIA,0.88888889,,,
2021-09-03,COL,0.68663595,,,
2021-09-03,NYY,0.53055556,,,
2021-09-03,SFG,0.55809524,,,
2021-09-03,BOS,1.1199095,,,
2021-09-03,KCR,0.82330827,,,
2021-09-03,CHC,1.05734767,,,
2021-09-03,ARI,0.58055556,,,
2021-09-03,CIN,0.82936508,,,
2021-09-03,MIL,0.66666666,,,
2021-09-04,SFG,0.63138138,,,
2021-09-04,MIL,0.78160919,,,
2021-09-04,TBR,1.36077939,,,
2021-09-04,NYY,0.48663595,,,
2021-09-04,CIN,0.92598684,,,
2021-09-04,SDP,1.11666667,,,
2021-09-04,WSN,0.9,,,
2021-09-04,WSN,0.98418973,,,
2021-09-04,KCR,0.76428571,,,
2021-09-04,COL,1.00957855,,,
2021-09-04,TOR,1.28090575,,,
2021-09-04,LAA,0.62580645,,,
2021-09-04,MIA,0.59482759,,,
2021-09-04,ARI,0.98754579,,,
2021-09-04,BOS,0.81919851,,,
2021-09-04,CHC,0.86532508,,,
2021-09-05,WSN,0.67132867,,,
2021-09-05,MIA,0.32291667,,,
2021-09-05,COL,0.2718894,,,
2021-09-05,ARI,0.50242551,,,
2021-09-05,NYY,0.72381635,,,
2021-09-05,TBR,0.89890109,,,
2021-09-05,CHC,1.11753615,,,
2021-09-05,SDP,0.75115208,,,
2021-09-05,MIL,1.05357143,,,
2021-09-05,BOS,0.93636364,,,
2021-09-05,CIN,0.42279412,,,
2021-09-05,LAA,0.71804511,,,
2021-09-05,KCR,0.63888889,,,
2021-09-05,TOR,1.0632828,,,
2021-09-05,SFG,0.99915541,,,
2021-09-06,LAA,0.41875,,,
2021-09-06,BOS,0.9789916,,,
2021-09-06,CHC,0.59375,,,
2021-09-06,HOU,1.08346973,,,
2021-09-06,NYY,0.33333334,,,
2021-09-06,STL,0.39393939,,,
2021-09-06,WSN,0.96911197,,,
2021-09-06,MIL,0.41800356,,,
2021-09-06,CLE,0.62834224,,,
2021-09-06,PIT,0.84343434,,,
2021-09-06,COL,0.85850556,,,
2021-09-06,BAL,0.56862745,,,
2021-09-07,MIL,0.92777778,,,
2021-09-07,CLE,0.55821371,,,
2021-09-07,OAK,0.49803921,,,
2021-09-07,NYY,0.47058824,,,
2021-09-07,CHC,0.74285714,,,
2021-09-07,COL,0.67567568,,,
2021-09-07,MIA,0.6084724,,,
2021-09-07,HOU,0.85833333,,,
2021-09-07,BAL,0.79411765,,,
2021-09-07,SDP,0.34545454,,,
2021-09-07,ATL,1.00079745,,,
2021-09-07,STL,0.59379968,,,
2021-09-07,PIT,0.84924242,,,
2021-09-07,ARI,0.33986175,,,
2021-09-07,BOS,0.99114064,,,
2021-09-08,COL,0.77777777,,,
2021-09-08,SDP,0.67692308,,,
2021-09-08,BAL,0.73873874,,,
2021-09-08,ATL,0.67132867,,,
2021-09-08,HOU,0.94444444,,,
2021-09-08,STL,0.71347249,,,
2021-09-08,PIT,0.50048876,,,
2021-09-08,BOS,0.64791667,,,
2021-09-08,MIL,0.73958333,,,
2021-09-08,CLE,0.07142858,,,
2021-09-08,NYY,0.6003276,,,
2021-09-08,ARI,0.77991453,,,
2021-09-08,CHC,0.50439883,,,
2021-09-08,OAK,0.85800866,,,
2021-09-08,MIA,0.64932432,,,
2021-09-09,ATL,1.03603603,,,
2021-09-09,CLE,1.01973684,,,
2021-09-09,PHI,0.54779412,,,
2021-09-09,NYY,0.87878788,,,
2021-09-09,OAK,0.60267857,,,
2021-09-09,MIA,0.61149426,,,
2021-09-09,STL,0.59482759,,,
2021-09-09,BAL,0.31556949,,,
2021-09-10,ATL,0.66385135,,,
2021-09-10,STL,0.44242424,,,
2021-09-10,PHI,0.68432055,,,
2021-09-10,SEA,0.9125,,,
2021-09-10,CLE,0.34001743,,,
2021-09-10,CHW,0.68461538,,,
2021-09-10,BAL,1.17431851,,,
2021-09-10,LAD,0.61072261,,,
2021-09-10,NYM,0.90984848,,,
2021-09-10,MIN,0.56428571,,,
2021-09-10,PIT,0.79861111,,,
2021-09-10,HOU,1.0018856,,,
2021-09-10,CHC,0.43333333,,,
2021-09-10,OAK,0.92954545,,,
2021-09-10,DET,1.07032967,,,
2021-09-11,CHC,0.72432432,,,
2021-09-11,MIN,1.17777778,,,
2021-09-11,NYM,0.96291641,,,
2021-09-11,CLE,0.03571429,,,
2021-09-11,HOU,0.56578947,,,
2021-09-11,ATL,0.66842105,,,
2021-09-11,DET,0.35080645,,,
2021-09-11,STL,1.08467742,,,
2021-09-11,PHI,0.97448166,,,
2021-09-11,SEA,0.67424242,,,
2021-09-11,BAL,0.58753316,,,
2021-09-11,BAL,1.241453,,,
2021-09-11,CHW,0.9020979,,,
2021-09-11,OAK,0.91494436,,,
2021-09-11,LAD,0.58333333,,,
2021-09-11,PIT,0.89166667,,,
2021-09-12,CHC,0.82120582,,,
2021-09-12,NYM,0.97836538,,,
2021-09-12,HOU,0.74820788,,,
2021-09-12,PIT,0.51732378,,,
2021-09-12,SEA,0.61015561,,,
2021-09-12,ATL,0.87678571,,,
2021-09-12,STL,0.36507936,,,
2021-09-12,BAL,0.80375939,,,
2021-09-12,LAD,1.0554177,,,
2021-09-12,CLE,0.29462365,,,
2021-09-12,CHW,0.56034483,,,
2021-09-12,DET,0.81408308,,,
2021-09-12,OAK,0.56021506,,,
2021-09-12,MIN,0.5,,,
2021-09-12,PHI,0.61111111,,,
2021-09-13,TEX,0.57026144,,,
2021-09-13,LAD,0.93966817,,,
2021-09-13,NYM,0.49652778,,,
2021-09-13,SEA,0.74509804,,,
2021-09-13,TOR,1.07738095,,,
2021-09-13,SFG,1.05208333,,,
2021-09-13,WSN,0.13793104,,,
2021-09-13,NYY,0.67777778,,,
2021-09-14,MIN,0.98461538,,,
2021-09-14,BAL,0.53189792,,,
2021-09-14,SFG,0.96515152,,,
2021-09-14,WSN,1.04662841,,,
2021-09-14,MIN,0.38405797,,,
2021-09-14,ATL,0.74661654,,,
2021-09-14,CHW,1.12205882,,,
2021-09-14,PHI,0.66078432,,,
2021-09-14,NYM,0.60389611,,,
2021-09-14,KCR,1.11470007,,,
2021-09-14,DET,0.34121622,,,
2021-09-14,LAD,0.99651264,,,
2021-09-14,TEX,0.91397849,,,
2021-09-14,PIT,0.72794118,,,
2021-09-14,SEA,0.54675716,,,
2021-09-14,TOR,0.27126436,,,
2021-09-15,TEX,0.38205645,,,
2021-09-15,LAD,1.03250774,,,
2021-09-15,PHI,0.94718615,,,
2021-09-15,DET,0.70634038,,,
2021-09-15,MIN,0.41515151,,,
2021-09-15,SFG,1.08088235,,,
2021-09-15,BAL,0.62251082,,,
2021-09-15,WSN,0.93772703,,,
2021-09-15,CHW,0.72689076,,,
2021-09-15,PIT,0.75291375,,,
2021-09-15,ATL,0.69094247,,,
2021-09-15,KCR,1.00297619,,,
2021-09-15,SEA,0.43684211,,,
2021-09-15,NYM,0.85365854,,,
2021-09-15,TOR,0.67272727,,,
2021-09-16,SFG,0.86148649,,,
2021-09-16,TEX,0.51152074,,,
2021-09-16,CHW,0.62745098,,,
2021-09-16,TBR,0.82665424,,,
2021-09-16,PHI,1.15166394,,,
2021-09-16,KCR,0.71578947,,,
2021-09-16,BAL,0.65904366,,,
2021-09-16,PIT,0.44464286,,,
2021-09-17,MIA,0.45588235,,,
2021-09-17,MIL,0.77258065,,,
2021-09-17,CIN,0.57603687,,,
2021-09-17,SFG,0.99647474,,,
2021-09-17,TBR,0.72026578,,,
2021-09-17,KCR,0.7413273,,,
2021-09-17,TOR,0.53333333,,,
2021-09-17,LAA,0.70555556,,,
2021-09-17,NYM,0.63931888,,,
2021-09-17,HOU,0.50806452,,,
2021-09-17,NYY,1.12581699,,,
2021-09-17,BOS,1.01323529,,,
2021-09-17,TEX,0.56862745,,,
2021-09-17,WSN,0.90084836,,,
2021-09-17,STL,0.88095238,,,
2021-09-18,CIN,0.30550285,,,
2021-09-18,BOS,0.99256757,,,
2021-09-18,SFG,0.51731601,,,
2021-09-18,MIA,0.55492424,,,
2021-09-18,NYY,0.82010135,,,
2021-09-18,KCR,0.91758241,,,
2021-09-18,STL,0.58294931,,,
2021-09-18,TBR,0.66807432,,,
2021-09-18,HOU,0.75743243,,,
2021-09-18,MIL,1.01857585,,,
2021-09-18,WSN,0.59553571,,,
2021-09-18,TEX,0.64326376,,,
2021-09-18,NYM,0.58151261,,,
2021-09-18,TOR,0.86140351,,,
2021-09-18,LAA,0.46386555,,,
2021-09-19,SFG,0.31527093,,,
2021-09-19,NYM,0.7030303,,,
2021-09-19,TOR,0.87837838,,,
2021-09-19,HOU,0.97448166,,,
2021-09-19,WSN,0.63636363,,,
2021-09-19,KCR,0.26236559,,,
2021-09-19,TEX,0.50714286,,,
2021-09-19,BOS,0.87626263,,,
2021-09-19,NYY,0.63636363,,,
2021-09-19,MIA,0.72381635,,,
2021-09-19,STL,0.84595959,,,
2021-09-19,LAA,0.38699691,,,
2021-09-19,TBR,0.48160173,,,
2021-09-19,CIN,0.77056277,,,
2021-09-19,MIL,0.65367965,,,
2021-09-20,DET,0.39732143,,,
2021-09-20,TBR,1.01041667,,,
2021-09-20,OAK,0.52367424,,,
2021-09-20,CIN,1.12891986,,,
2021-09-20,PHI,0.28528226,,,
2021-09-20,CLE,0.55494506,,,
2021-09-20,ARI,0.83947584,,,
2021-09-20,CLE,0.625,,,
2021-09-20,NYY,0.72320597,,,
2021-09-20,LAA,0.47926268,,,
2021-09-20,MIA,0.80982906,,,
2021-09-20,MIL,0.44367816,,,
2021-09-21,BOS,0.95902354,,,
2021-09-21,LAA,0.81244882,,,
2021-09-21,MIA,0.5256167,,,
2021-09-21,SDP,1.04318489,,,
2021-09-21,TBR,0.6215307,,,
2021-09-21,COL,0.67715618,,,
2021-09-21,DET,0.98717949,,,
2021-09-21,PHI,0.6965812,,,
2021-09-21,MIL,0.41666667,,,
2021-09-21,CIN,0.73333333,,,
2021-09-21,OAK,0.67424242,,,
2021-09-21,CHC,0.94610389,,,
2021-09-21,CLE,0.63839286,,,
2021-09-21,ARI,0.57432432,,,
2021-09-21,NYY,1.01658986,,,
2021-09-22,CHC,0.52987013,,,
2021-09-22,ARI,0.52462121,,,
2021-09-22,MIA,0.83001422,,,
2021-09-22,LAA,0.62987737,,,
2021-09-22,BOS,1.18175676,,,
2021-09-22,COL,0.95781147,,,
2021-09-22,TBR,0.90988836,,,
2021-09-22,SDP,0.95813397,,,
2021-09-22,PHI,0.78035714,,,
2021-09-22,MIL,0.44657258,,,
2021-09-22,OAK,0.45416667,,,
2021-09-22,NYY,0.88927638,,,
2021-09-23,COL,0.63478819,,,
2021-09-23,BAL,0.75806452,,,
2021-09-23,LAA,0.51633987,,,
2021-09-23,MIL,0.75696594,,,
2021-09-23,CLE,0.88142857,,,
2021-09-23,MIN,1.06293707,,,
2021-09-23,SDP,0.84268126,,,
2021-09-23,PHI,1.10504202,,,
2021-09-23,OAK,0.7625,,,
2021-09-23,CIN,0.63333333,,,
2021-09-23,CLE,0.9137931,,,
2021-09-23,ARI,0.95207373,,,
2021-09-24,LAA,0.78571429,,,
2021-09-24,PHI,0.97448166,,,
2021-09-24,TBR,0.90034844,,,
2021-09-24,MIL,0.96296296,,,
2021-09-24,SDP,0.24137931,,,
2021-09-24,BAL,0.65864661,,,
2021-09-24,CLE,0.46875,,,
2021-09-24,MIN,0.67272727,,,
2021-09-24,OAK,1.01904762,,,
2021-09-24,CHC,0.83653846,,,
2021-09-24,CIN,0.96531166,,,
2021-09-24,COL,0.62348178,,,
2021-09-24,ARI,0.46394687,,,
2021-09-24,CHC,0.78148148,,,
2021-09-24,DET,0.63697318,,,
2021-09-24,BOS,0.66807432,,,
2021-09-25,TBR,0.95321637,,,
2021-09-25,CIN,1.0165426,,,
2021-09-25,CHC,0.96650718,,,
2021-09-25,COL,0.66710526,,,
2021-09-25,BOS,0.65262321,,,
2021-09-25,BAL,0.83982203,,,
2021-09-25,ARI,0.83619983,,,
2021-09-25,CLE,0.73387097,,,
2021-09-25,MIL,0.48717948,,,
2021-09-25,OAK,0.62648557,,,
2021-09-25,LAA,1.09459459,,,
2021-09-25,DET,0.86875,,,
2021-09-25,MIN,0.42063492,,,
2021-09-25,PHI,0.91176471,,,
2021-09-25,SDP,0.85678549,,,
2021-09-26,CHC,0.64022436,,,
2021-09-26,PHI,0.46212121,,,
2021-09-26,ARI,0.47181467,,,
2021-09-26,TBR,0.58333333,,,
2021-09-26,MIN,0.71826371,,,
2021-09-26,BOS,0.65864661,,,
2021-09-26,LAA,0.38181818,,,
2021-09-26,DET,0.4375,,,
2021-09-26,MIL,0.73863636,,,
2021-09-26,OAK,0.65309201,,,
2021-09-26,CIN,1.18969299,,,
2021-09-26,SDP,0.78423773,,,
2021-09-26,CLE,0.69487909,,,
2021-09-26,COL,0.38235294,,,
2021-09-26,BAL,0.66915191,,,
2021-09-27,CIN,1.28844115,,,
2021-09-27,CLE,0.93343653,,,
2021-09-27,SEA,1.01994852,,,
2021-09-27,COL,0.64285715,,,
2021-09-27,DET,0.88131313,,,
2021-09-28,KCR,0.74242424,,,
2021-09-28,BAL,0.69852941,,,
2021-09-28,SEA,0.84712838,,,
2021-09-28,MIN,0.63839286,,,
2021-09-28,CHW,1.20230263,,,
2021-09-28,PIT,0.86111111,,,
2021-09-28,SFG,0.81402439,,,
2021-09-28,ATL,0.37857143,,,
2021-09-28,TEX,0.75852534,,,
2021-09-28,COL,0.95207373,,,
2021-09-28,NYM,0.50806452,,,
2021-09-28,NYM,0.81912442,,,
2021-09-28,STL,1.04044118,,,
2021-09-28,HOU,0.69265233,,,
2021-09-28,TOR,0.35005224,,,
2021-09-28,LAD,0.65128205,,,
2021-09-29,KCR,1.07226108,,,
2021-09-29,PIT,0.61111111,,,
2021-09-29,LAD,1.30128205,,,
2021-09-29,MIN,0.68768473,,,
2021-09-29,CHW,0.71347249,,,
2021-09-29,BAL,0.39522059,,,
2021-09-29,SEA,0.55787477,,,
2021-09-29,ATL,0.82202112,,,
2021-09-29,COL,1.05980066,,,
2021-09-29,SFG,0.60294118,,,
2021-09-29,NYM,0.72727272,,,
2021-09-29,TEX,0.52777778,,,
2021-09-29,HOU,0.25625,,,
2021-09-29,TOR,1,,,
2021-09-29,STL,0.36160714,,,
2021-09-30,TOR,0.67690058,,,
2021-09-30,MIN,0.99011206,,,
2021-09-30,BAL,0.74288425,,,
2021-09-30,ATL,0.79411765,,,
2021-09-30,LAD,1.21517857,,,
2021-09-30,PIT,0.45,,,
2021-09-30,HOU,0.62473119,,,
2021-09-30,SFG,0.79491256,,,
2021-09-30,TEX,0.95486111,,,
2021-09-30,NYM,1.18467742,,,
2021-09-30,KCR,0.63063063,,,
2021-09-30,STL,0.67777777,,,
2021-10-01,PIT,0.93589744,,,
2021-10-01,MIA,0.59553571,,,
2021-10-01,KCR,1.04152047,,,
2021-10-01,SFG,0.61904762,,,
2021-10-01,TOR,0.97837838,,,
2021-10-01,HOU,0.88636364,,,
2021-10-01,ARI,0.82582583,,,
2021-10-01,WSN,0.85156795,,,
2021-10-01,TEX,0.85285286,,,
2021-10-01,STL,0.8126935,,,
2021-10-01,LAD,0.95413596,,,
2021-10-01,CHW,0.99741603,,,
2021-10-01,NYY,0.55555556,,,
2021-10-01,ATL,0.70714286,,,
2021-10-01,SEA,0.56470588,,,
2021-10-02,LAD,0.94819159,,,
2021-10-02,PIT,1.11732186,,,
2021-10-02,CHW,0.73161765,,,
2021-10-02,TOR,1.20512821,,,
2021-10-02,SEA,0.8375,,,
2021-10-02,ARI,1.12520326,,,
2021-10-02,MIA,0.6087963,,,
2021-10-02,KCR,0.38518519,,,
2021-10-02,NYY,0.48125,,,
2021-10-02,SFG,0.42380953,,,
2021-10-02,HOU,1.17251462,,,
2021-10-02,ATL,0.87837838,,,
2021-10-02,TEX,0.92153444,,,
2021-10-02,STL,0.7745098,,,
2021-10-02,WSN,0.56059285,,,
2021-10-03,HOU,1.13461538,,,
2021-10-03,KCR,0.60150376,,,
2021-10-03,PIT,0.67777778,,,
2021-10-03,ATL,0.70411568,,,
2021-10-03,ARI,0.70574162,,,
2021-10-03,LAD,0.92540793,,,
2021-10-03,NYY,0.38148148,,,
2021-10-03,SEA,0.61324787,,,
2021-10-03,WSN,0.69696969,,,
2021-10-03,STL,0.73214286,,,
2021-10-03,TOR,1.1533101,,,
2021-10-03,MIA,0.68125,,,
2021-10-03,TEX,0.28528226,,,
2021-10-03,CHW,0.66873065,,,
2021-10-03,SFG,0.85454545,,,